<?xml version="1.0" encoding="UTF-8"?>
<ModelVersion>
<BuildNo>18</BuildNo>
<ReleaseVersion>1.0.0</ReleaseVersion>
<BuildDate>01.05.16 20:47</BuildDate>
<Attribute>
<Key>ExecutionPlan.PrimaryKey</Key>
<TableName>ExecutionPlan</TableName>
<AttributeName>PrimaryKey</AttributeName>
<AliasName>PrimaryKey</AliasName>
<Type>LONG</Type>
</Attribute>
<Attribute>
<Key>ExecutionPlan.ServerReplicationVersion</Key>
<TableName>ExecutionPlan</TableName>
<AttributeName>ServerReplicationVersion</AttributeName>
<AliasName>ServerReplicationVersion</AliasName>
<Type>LONG</Type>
</Attribute>
<Attribute>
<Key>ExecutionPlan.Title</Key>
<TableName>ExecutionPlan</TableName>
<AttributeName>Title</AttributeName>
<AliasName>Bezeichnung</AliasName>
<Type>STRING</Type>
</Attribute>
<Attribute>
<Key>ExecutionPlan.Description</Key>
<TableName>ExecutionPlan</TableName>
<AttributeName>Description</AttributeName>
<AliasName>Beschreibung</AliasName>
<Type>STRING</Type>
</Attribute>
<Attribute>
<Key>ExecutionPlan.PlanGroup</Key>
<TableName>ExecutionPlan</TableName>
<AttributeName>PlanGroup</AttributeName>
<AliasName>Plangruppe</AliasName>
<Type>LONG</Type>
</Attribute>
<Attribute>
<Key>PlanExecution.PrimaryKey</Key>
<TableName>PlanExecution</TableName>
<AttributeName>PrimaryKey</AttributeName>
<AliasName>PrimaryKey</AliasName>
<Type>LONG</Type>
</Attribute>
<Attribute>
<Key>PlanExecution.ServerReplicationVersion</Key>
<TableName>PlanExecution</TableName>
<AttributeName>ServerReplicationVersion</AttributeName>
<AliasName>ServerReplicationVersion</AliasName>
<Type>LONG</Type>
</Attribute>
<Attribute>
<Key>PlanExecution.FromDate</Key>
<TableName>PlanExecution</TableName>
<AttributeName>FromDate</AttributeName>
<AliasName>Beginn</AliasName>
<Type>DATE</Type>
</Attribute>
<Attribute>
<Key>PlanExecution.ExecutionPlan</Key>
<TableName>PlanExecution</TableName>
<AttributeName>ExecutionPlan</AttributeName>
<AliasName>Ablaufplan</AliasName>
<Type>LONG</Type>
</Attribute>
<Attribute>
<Key>PlanExecution.ToDate</Key>
<TableName>PlanExecution</TableName>
<AttributeName>ToDate</AttributeName>
<AliasName>Ende</AliasName>
<Type>DATE</Type>
</Attribute>
<Attribute>
<Key>PlanExecution.Simulated</Key>
<TableName>PlanExecution</TableName>
<AttributeName>Simulated</AttributeName>
<AliasName>Simulation</AliasName>
<Type>BOOLEAN</Type>
</Attribute>
<Attribute>
<Key>PlanExecution.Details</Key>
<TableName>PlanExecution</TableName>
<AttributeName>Details</AttributeName>
<AliasName>Details</AliasName>
<Type>STRING</Type>
</Attribute>
<Attribute>
<Key>JobServer.PrimaryKey</Key>
<TableName>JobServer</TableName>
<AttributeName>PrimaryKey</AttributeName>
<AliasName>PrimaryKey</AliasName>
<Type>LONG</Type>
</Attribute>
<Attribute>
<Key>JobServer.ServerReplicationVersion</Key>
<TableName>JobServer</TableName>
<AttributeName>ServerReplicationVersion</AttributeName>
<AliasName>ServerReplicationVersion</AliasName>
<Type>LONG</Type>
</Attribute>
<Attribute>
<Key>JobServer.ServerMachine</Key>
<TableName>JobServer</TableName>
<AttributeName>ServerMachine</AttributeName>
<AliasName>Server</AliasName>
<Type>LONG</Type>
</Attribute>
<Attribute>
<Key>JobServer.Job</Key>
<TableName>JobServer</TableName>
<AttributeName>Job</AttributeName>
<AliasName>Auftrag</AliasName>
<Type>LONG</Type>
</Attribute>
<Attribute>
<Key>ServerMachine.PrimaryKey</Key>
<TableName>ServerMachine</TableName>
<AttributeName>PrimaryKey</AttributeName>
<AliasName>PrimaryKey</AliasName>
<Type>LONG</Type>
</Attribute>
<Attribute>
<Key>ServerMachine.ServerReplicationVersion</Key>
<TableName>ServerMachine</TableName>
<AttributeName>ServerReplicationVersion</AttributeName>
<AliasName>ServerReplicationVersion</AliasName>
<Type>LONG</Type>
</Attribute>
<Attribute>
<Key>ServerMachine.ServerName</Key>
<TableName>ServerMachine</TableName>
<AttributeName>ServerName</AttributeName>
<AliasName>Server-Name</AliasName>
<Type>STRING</Type>
</Attribute>
<Attribute>
<Key>ServerMachine.Address</Key>
<TableName>ServerMachine</TableName>
<AttributeName>Address</AttributeName>
<AliasName>IP-Adresse</AliasName>
<Type>STRING</Type>
</Attribute>
<Attribute>
<Key>Job.PrimaryKey</Key>
<TableName>Job</TableName>
<AttributeName>PrimaryKey</AttributeName>
<AliasName>PrimaryKey</AliasName>
<Type>LONG</Type>
</Attribute>
<Attribute>
<Key>Job.ServerReplicationVersion</Key>
<TableName>Job</TableName>
<AttributeName>ServerReplicationVersion</AttributeName>
<AliasName>ServerReplicationVersion</AliasName>
<Type>LONG</Type>
</Attribute>
<Attribute>
<Key>Job.JobName</Key>
<TableName>Job</TableName>
<AttributeName>JobName</AttributeName>
<AliasName>Bezeichnung</AliasName>
<Type>STRING</Type>
</Attribute>
<Attribute>
<Key>Job.Description</Key>
<TableName>Job</TableName>
<AttributeName>Description</AttributeName>
<AliasName>Beschreibung</AliasName>
<Type>STRING</Type>
</Attribute>
<Attribute>
<Key>Job.WorkerClass</Key>
<TableName>Job</TableName>
<AttributeName>WorkerClass</AttributeName>
<AliasName>Auszuführende Klasse</AliasName>
<Type>STRING</Type>
</Attribute>
<Attribute>
<Key>Job.JobGroup</Key>
<TableName>Job</TableName>
<AttributeName>JobGroup</AttributeName>
<AliasName>Auftragsgruppe</AliasName>
<Type>LONG</Type>
</Attribute>
<Attribute>
<Key>Job.ScriptURL</Key>
<TableName>Job</TableName>
<AttributeName>ScriptURL</AttributeName>
<AliasName>Skriptdatei</AliasName>
<Type>STRING</Type>
</Attribute>
<Attribute>
<Key>Job.Script</Key>
<TableName>Job</TableName>
<AttributeName>Script</AttributeName>
<AliasName>Skript</AliasName>
<Type>STRING</Type>
</Attribute>
<Attribute>
<Key>PlanJob.PrimaryKey</Key>
<TableName>PlanJob</TableName>
<AttributeName>PrimaryKey</AttributeName>
<AliasName>PrimaryKey</AliasName>
<Type>LONG</Type>
</Attribute>
<Attribute>
<Key>PlanJob.ServerReplicationVersion</Key>
<TableName>PlanJob</TableName>
<AttributeName>ServerReplicationVersion</AttributeName>
<AliasName>ServerReplicationVersion</AliasName>
<Type>LONG</Type>
</Attribute>
<Attribute>
<Key>PlanJob.ExecutionPlan</Key>
<TableName>PlanJob</TableName>
<AttributeName>ExecutionPlan</AttributeName>
<AliasName>Ablaufplan</AliasName>
<Type>LONG</Type>
</Attribute>
<Attribute>
<Key>PlanJob.Job</Key>
<TableName>PlanJob</TableName>
<AttributeName>Job</AttributeName>
<AliasName>Auftrag</AliasName>
<Type>LONG</Type>
</Attribute>
<Attribute>
<Key>JobParameter.PrimaryKey</Key>
<TableName>JobParameter</TableName>
<AttributeName>PrimaryKey</AttributeName>
<AliasName>PrimaryKey</AliasName>
<Type>LONG</Type>
</Attribute>
<Attribute>
<Key>JobParameter.ServerReplicationVersion</Key>
<TableName>JobParameter</TableName>
<AttributeName>ServerReplicationVersion</AttributeName>
<AliasName>ServerReplicationVersion</AliasName>
<Type>LONG</Type>
</Attribute>
<Attribute>
<Key>JobParameter.Job</Key>
<TableName>JobParameter</TableName>
<AttributeName>Job</AttributeName>
<AliasName>Auftrag</AliasName>
<Type>LONG</Type>
</Attribute>
<Attribute>
<Key>JobParameter.ParameterName</Key>
<TableName>JobParameter</TableName>
<AttributeName>ParameterName</AttributeName>
<AliasName>Parameter</AliasName>
<Type>STRING</Type>
</Attribute>
<Attribute>
<Key>JobParameter.ParameterValue</Key>
<TableName>JobParameter</TableName>
<AttributeName>ParameterValue</AttributeName>
<AliasName>Wert</AliasName>
<Type>STRING</Type>
</Attribute>
<Attribute>
<Key>JobParameter.JobParameterGroup</Key>
<TableName>JobParameter</TableName>
<AttributeName>JobParameterGroup</AttributeName>
<AliasName>Parametergruppe</AliasName>
<Type>LONG</Type>
</Attribute>
<Attribute>
<Key>JobParameterGroup.PrimaryKey</Key>
<TableName>JobParameterGroup</TableName>
<AttributeName>PrimaryKey</AttributeName>
<AliasName>PrimaryKey</AliasName>
<Type>LONG</Type>
</Attribute>
<Attribute>
<Key>JobParameterGroup.ServerReplicationVersion</Key>
<TableName>JobParameterGroup</TableName>
<AttributeName>ServerReplicationVersion</AttributeName>
<AliasName>ServerReplicationVersion</AliasName>
<Type>LONG</Type>
</Attribute>
<Attribute>
<Key>JobParameterGroup.GroupName</Key>
<TableName>JobParameterGroup</TableName>
<AttributeName>GroupName</AttributeName>
<AliasName>Bezeichnung</AliasName>
<Type>STRING</Type>
</Attribute>
<Attribute>
<Key>JobParameterGroup.Description</Key>
<TableName>JobParameterGroup</TableName>
<AttributeName>Description</AttributeName>
<AliasName>Beschreibung</AliasName>
<Type>STRING</Type>
</Attribute>
<Attribute>
<Key>JobParameterGroup.Job</Key>
<TableName>JobParameterGroup</TableName>
<AttributeName>Job</AttributeName>
<AliasName>Auftrag</AliasName>
<Type>LONG</Type>
</Attribute>
<Attribute>
<Key>JobParameterGroupLink.PrimaryKey</Key>
<TableName>JobParameterGroupLink</TableName>
<AttributeName>PrimaryKey</AttributeName>
<AliasName>PrimaryKey</AliasName>
<Type>LONG</Type>
</Attribute>
<Attribute>
<Key>JobParameterGroupLink.ServerReplicationVersion</Key>
<TableName>JobParameterGroupLink</TableName>
<AttributeName>ServerReplicationVersion</AttributeName>
<AliasName>ServerReplicationVersion</AliasName>
<Type>LONG</Type>
</Attribute>
<Attribute>
<Key>JobParameterGroupLink.Source</Key>
<TableName>JobParameterGroupLink</TableName>
<AttributeName>Source</AttributeName>
<AliasName>Gruppe</AliasName>
<Type>LONG</Type>
</Attribute>
<Attribute>
<Key>JobParameterGroupLink.Destination</Key>
<TableName>JobParameterGroupLink</TableName>
<AttributeName>Destination</AttributeName>
<AliasName>Untergruppe</AliasName>
<Type>LONG</Type>
</Attribute>
<Attribute>
<Key>PlanJobLink.PrimaryKey</Key>
<TableName>PlanJobLink</TableName>
<AttributeName>PrimaryKey</AttributeName>
<AliasName>PrimaryKey</AliasName>
<Type>LONG</Type>
</Attribute>
<Attribute>
<Key>PlanJobLink.ServerReplicationVersion</Key>
<TableName>PlanJobLink</TableName>
<AttributeName>ServerReplicationVersion</AttributeName>
<AliasName>ServerReplicationVersion</AliasName>
<Type>LONG</Type>
</Attribute>
<Attribute>
<Key>PlanJobLink.Source</Key>
<TableName>PlanJobLink</TableName>
<AttributeName>Source</AttributeName>
<AliasName>Erledigter Auftrag</AliasName>
<Type>LONG</Type>
</Attribute>
<Attribute>
<Key>PlanJobLink.Destination</Key>
<TableName>PlanJobLink</TableName>
<AttributeName>Destination</AttributeName>
<AliasName>Auftrag</AliasName>
<Type>LONG</Type>
</Attribute>
<Attribute>
<Key>PlanJobLink.ExecutionPlan</Key>
<TableName>PlanJobLink</TableName>
<AttributeName>ExecutionPlan</AttributeName>
<AliasName>Ablaufplan</AliasName>
<Type>LONG</Type>
</Attribute>
<Attribute>
<Key>PlanJobExecution.PrimaryKey</Key>
<TableName>PlanJobExecution</TableName>
<AttributeName>PrimaryKey</AttributeName>
<AliasName>PrimaryKey</AliasName>
<Type>LONG</Type>
</Attribute>
<Attribute>
<Key>PlanJobExecution.ServerReplicationVersion</Key>
<TableName>PlanJobExecution</TableName>
<AttributeName>ServerReplicationVersion</AttributeName>
<AliasName>ServerReplicationVersion</AliasName>
<Type>LONG</Type>
</Attribute>
<Attribute>
<Key>PlanJobExecution.PlanExecution</Key>
<TableName>PlanJobExecution</TableName>
<AttributeName>PlanExecution</AttributeName>
<AliasName>Ablaufplan</AliasName>
<Type>LONG</Type>
</Attribute>
<Attribute>
<Key>PlanJobExecution.PlanJob</Key>
<TableName>PlanJobExecution</TableName>
<AttributeName>PlanJob</AttributeName>
<AliasName>Planauftrag</AliasName>
<Type>LONG</Type>
</Attribute>
<Attribute>
<Key>PlanJobExecution.FromDate</Key>
<TableName>PlanJobExecution</TableName>
<AttributeName>FromDate</AttributeName>
<AliasName>Start</AliasName>
<Type>DATE</Type>
</Attribute>
<Attribute>
<Key>PlanJobExecution.ToDate</Key>
<TableName>PlanJobExecution</TableName>
<AttributeName>ToDate</AttributeName>
<AliasName>Ende</AliasName>
<Type>DATE</Type>
</Attribute>
<Attribute>
<Key>PlanJobExecution.JobServer</Key>
<TableName>PlanJobExecution</TableName>
<AttributeName>JobServer</AttributeName>
<AliasName>Auftragsserver</AliasName>
<Type>LONG</Type>
</Attribute>
<Attribute>
<Key>LogRecord.PrimaryKey</Key>
<TableName>LogRecord</TableName>
<AttributeName>PrimaryKey</AttributeName>
<AliasName>PrimaryKey</AliasName>
<Type>LONG</Type>
</Attribute>
<Attribute>
<Key>LogRecord.ServerReplicationVersion</Key>
<TableName>LogRecord</TableName>
<AttributeName>ServerReplicationVersion</AttributeName>
<AliasName>ServerReplicationVersion</AliasName>
<Type>LONG</Type>
</Attribute>
<Attribute>
<Key>LogRecord.LoggingTime</Key>
<TableName>LogRecord</TableName>
<AttributeName>LoggingTime</AttributeName>
<AliasName>Zeitpunkt</AliasName>
<Type>DATE</Type>
</Attribute>
<Attribute>
<Key>LogRecord.LogLevel</Key>
<TableName>LogRecord</TableName>
<AttributeName>LogLevel</AttributeName>
<AliasName>Grad</AliasName>
<Type>STRING</Type>
</Attribute>
<Attribute>
<Key>LogRecord.Details</Key>
<TableName>LogRecord</TableName>
<AttributeName>Details</AttributeName>
<AliasName>Details</AliasName>
<Type>STRING</Type>
</Attribute>
<Attribute>
<Key>LogRecord.PlanJobExecution</Key>
<TableName>LogRecord</TableName>
<AttributeName>PlanJobExecution</AttributeName>
<AliasName>Auftragsausführung</AliasName>
<Type>LONG</Type>
</Attribute>
<Attribute>
<Key>LogRecord.PlanExecution</Key>
<TableName>LogRecord</TableName>
<AttributeName>PlanExecution</AttributeName>
<AliasName>Planausführung</AliasName>
<Type>LONG</Type>
</Attribute>
<Attribute>
<Key>PlanGroup.PrimaryKey</Key>
<TableName>PlanGroup</TableName>
<AttributeName>PrimaryKey</AttributeName>
<AliasName>PrimaryKey</AliasName>
<Type>LONG</Type>
</Attribute>
<Attribute>
<Key>PlanGroup.ServerReplicationVersion</Key>
<TableName>PlanGroup</TableName>
<AttributeName>ServerReplicationVersion</AttributeName>
<AliasName>ServerReplicationVersion</AliasName>
<Type>LONG</Type>
</Attribute>
<Attribute>
<Key>PlanGroup.GroupName</Key>
<TableName>PlanGroup</TableName>
<AttributeName>GroupName</AttributeName>
<AliasName>Gruppenname</AliasName>
<Type>STRING</Type>
</Attribute>
<Attribute>
<Key>PlanGroup.Description</Key>
<TableName>PlanGroup</TableName>
<AttributeName>Description</AttributeName>
<AliasName>Beschreibung</AliasName>
<Type>STRING</Type>
</Attribute>
<Attribute>
<Key>PlanGroupLink.PrimaryKey</Key>
<TableName>PlanGroupLink</TableName>
<AttributeName>PrimaryKey</AttributeName>
<AliasName>PrimaryKey</AliasName>
<Type>LONG</Type>
</Attribute>
<Attribute>
<Key>PlanGroupLink.ServerReplicationVersion</Key>
<TableName>PlanGroupLink</TableName>
<AttributeName>ServerReplicationVersion</AttributeName>
<AliasName>ServerReplicationVersion</AliasName>
<Type>LONG</Type>
</Attribute>
<Attribute>
<Key>PlanGroupLink.Source</Key>
<TableName>PlanGroupLink</TableName>
<AttributeName>Source</AttributeName>
<AliasName>Übergeordnete Gruppe</AliasName>
<Type>LONG</Type>
</Attribute>
<Attribute>
<Key>PlanGroupLink.Destination</Key>
<TableName>PlanGroupLink</TableName>
<AttributeName>Destination</AttributeName>
<AliasName>Untergeordnete Gruppe</AliasName>
<Type>LONG</Type>
</Attribute>
<Attribute>
<Key>JobGroup.PrimaryKey</Key>
<TableName>JobGroup</TableName>
<AttributeName>PrimaryKey</AttributeName>
<AliasName>PrimaryKey</AliasName>
<Type>LONG</Type>
</Attribute>
<Attribute>
<Key>JobGroup.ServerReplicationVersion</Key>
<TableName>JobGroup</TableName>
<AttributeName>ServerReplicationVersion</AttributeName>
<AliasName>ServerReplicationVersion</AliasName>
<Type>LONG</Type>
</Attribute>
<Attribute>
<Key>JobGroup.GroupName</Key>
<TableName>JobGroup</TableName>
<AttributeName>GroupName</AttributeName>
<AliasName>Gruppenname</AliasName>
<Type>STRING</Type>
</Attribute>
<Attribute>
<Key>JobGroup.Description</Key>
<TableName>JobGroup</TableName>
<AttributeName>Description</AttributeName>
<AliasName>Beschreibung</AliasName>
<Type>STRING</Type>
</Attribute>
<Attribute>
<Key>JobGroupLink.PrimaryKey</Key>
<TableName>JobGroupLink</TableName>
<AttributeName>PrimaryKey</AttributeName>
<AliasName>PrimaryKey</AliasName>
<Type>LONG</Type>
</Attribute>
<Attribute>
<Key>JobGroupLink.ServerReplicationVersion</Key>
<TableName>JobGroupLink</TableName>
<AttributeName>ServerReplicationVersion</AttributeName>
<AliasName>ServerReplicationVersion</AliasName>
<Type>LONG</Type>
</Attribute>
<Attribute>
<Key>JobGroupLink.Source</Key>
<TableName>JobGroupLink</TableName>
<AttributeName>Source</AttributeName>
<AliasName>Übergeordnete Auftragsgruppe</AliasName>
<Type>LONG</Type>
</Attribute>
<Attribute>
<Key>JobGroupLink.Destination</Key>
<TableName>JobGroupLink</TableName>
<AttributeName>Destination</AttributeName>
<AliasName>Untergeordnete Auftragsgruppe</AliasName>
<Type>LONG</Type>
</Attribute>
</ModelVersion>
