<?xml version="1.0" encoding="UTF-8"?>
<ExecutionPlan>
<RECORD>
<PrimaryKey>1461509866605175128</PrimaryKey>
<ServerReplicationVersion>0</ServerReplicationVersion>
<Title>PlanA</Title>
<Description></Description>
<PlanGroup>0</PlanGroup>
</RECORD>
<RECORD>
<PrimaryKey>1462424532764605337</PrimaryKey>
<ServerReplicationVersion>0</ServerReplicationVersion>
<Title>PlanC</Title>
<Description></Description>
<PlanGroup>0</PlanGroup>
</RECORD>
<RECORD>
<PrimaryKey>1462424518397063709</PrimaryKey>
<ServerReplicationVersion>0</ServerReplicationVersion>
<Title>PlanB</Title>
<Description></Description>
<PlanGroup>0</PlanGroup>
</RECORD>
<RECORD>
<PrimaryKey>1462424541268542645</PrimaryKey>
<ServerReplicationVersion>0</ServerReplicationVersion>
<Title>PlanD</Title>
<Description></Description>
<PlanGroup>0</PlanGroup>
</RECORD>
</ExecutionPlan>
