<?xml version="1.0" encoding="UTF-8"?>
<Job>
<RECORD>
<PrimaryKey>1462424740036795608</PrimaryKey>
<ServerReplicationVersion>0</ServerReplicationVersion>
<JobName>J4</JobName>
<Description></Description>
<WorkerClass>de.boetzmeyer.jobengine.examples.Job4</WorkerClass>
<JobGroup>0</JobGroup>
<ScriptURL></ScriptURL>
<Script></Script>
</RECORD>
<RECORD>
<PrimaryKey>1462424753147242929</PrimaryKey>
<ServerReplicationVersion>0</ServerReplicationVersion>
<JobName>J5</JobName>
<Description></Description>
<WorkerClass>de.boetzmeyer.jobengine.examples.Job5</WorkerClass>
<JobGroup>0</JobGroup>
<ScriptURL></ScriptURL>
<Script></Script>
</RECORD>
<RECORD>
<PrimaryKey>1462424782963561325</PrimaryKey>
<ServerReplicationVersion>0</ServerReplicationVersion>
<JobName>J7</JobName>
<Description></Description>
<WorkerClass>de.boetzmeyer.jobengine.examples.Job7</WorkerClass>
<JobGroup>0</JobGroup>
<ScriptURL></ScriptURL>
<Script></Script>
</RECORD>
<RECORD>
<PrimaryKey>1462424772659554134</PrimaryKey>
<ServerReplicationVersion>0</ServerReplicationVersion>
<JobName>J6</JobName>
<Description></Description>
<WorkerClass>de.boetzmeyer.jobengine.examples.Job6</WorkerClass>
<JobGroup>0</JobGroup>
<ScriptURL></ScriptURL>
<Script></Script>
</RECORD>
<RECORD>
<PrimaryKey>1461473370835021152</PrimaryKey>
<ServerReplicationVersion>3</ServerReplicationVersion>
<JobName>J1</JobName>
<Description></Description>
<WorkerClass>de.boetzmeyer.jobengine.examples.Job1</WorkerClass>
<JobGroup>0</JobGroup>
<ScriptURL></ScriptURL>
<Script></Script>
</RECORD>
<RECORD>
<PrimaryKey>1461509812582123329</PrimaryKey>
<ServerReplicationVersion>2</ServerReplicationVersion>
<JobName>J2</JobName>
<Description></Description>
<WorkerClass>de.boetzmeyer.jobengine.examples.Job2</WorkerClass>
<JobGroup>0</JobGroup>
<ScriptURL></ScriptURL>
<Script></Script>
</RECORD>
<RECORD>
<PrimaryKey>1461509827821101922</PrimaryKey>
<ServerReplicationVersion>2</ServerReplicationVersion>
<JobName>J3</JobName>
<Description></Description>
<WorkerClass>de.boetzmeyer.jobengine.examples.Job3</WorkerClass>
<JobGroup>0</JobGroup>
<ScriptURL></ScriptURL>
<Script></Script>
</RECORD>
<RECORD>
<PrimaryKey>1462424821115148635</PrimaryKey>
<ServerReplicationVersion>0</ServerReplicationVersion>
<JobName>J9</JobName>
<Description></Description>
<WorkerClass>de.boetzmeyer.jobengine.examples.Job9</WorkerClass>
<JobGroup>0</JobGroup>
<ScriptURL></ScriptURL>
<Script></Script>
</RECORD>
<RECORD>
<PrimaryKey>1462424800915483172</PrimaryKey>
<ServerReplicationVersion>0</ServerReplicationVersion>
<JobName>J8</JobName>
<Description></Description>
<WorkerClass>de.boetzmeyer.jobengine.examples.Job8</WorkerClass>
<JobGroup>0</JobGroup>
<ScriptURL></ScriptURL>
<Script></Script>
</RECORD>
</Job>
