<?xml version="1.0" encoding="UTF-8"?>
<JobGroupLink>
<RECORD>
<PrimaryKey>1463377567990957976</PrimaryKey>
<ServerReplicationVersion>0</ServerReplicationVersion>
<Source>1463377412615700057</Source>
<Destination>1463377554134821227</Destination>
</RECORD>
<RECORD>
<PrimaryKey>1463377494814069808</PrimaryKey>
<ServerReplicationVersion>0</ServerReplicationVersion>
<Source>1463377402159071353</Source>
<Destination>1463377421518946942</Destination>
</RECORD>
<RECORD>
<PrimaryKey>1463377551710853248</PrimaryKey>
<ServerReplicationVersion>0</ServerReplicationVersion>
<Source>1463377412615700057</Source>
<Destination>1463377472702327936</Destination>
</RECORD>
<RECORD>
<PrimaryKey>1463377433007677540</PrimaryKey>
<ServerReplicationVersion>0</ServerReplicationVersion>
<Source>1463377402159071353</Source>
<Destination>1463377412615700057</Destination>
</RECORD>
<RECORD>
<PrimaryKey>1463377510486646844</PrimaryKey>
<ServerReplicationVersion>0</ServerReplicationVersion>
<Source>1463377421518946942</Source>
<Destination>1463377450814239479</Destination>
</RECORD>
<RECORD>
<PrimaryKey>1463377546150049526</PrimaryKey>
<ServerReplicationVersion>0</ServerReplicationVersion>
<Source>1463377421518946942</Source>
<Destination>1463377458295461553</Destination>
</RECORD>
</JobGroupLink>
