<?xml version="1.0" encoding="UTF-8"?>
<JobGroup>
<RECORD>
<PrimaryKey>1463377402159071353</PrimaryKey>
<ServerReplicationVersion>0</ServerReplicationVersion>
<GroupName>AG1</GroupName>
<Description></Description>
</RECORD>
<RECORD>
<PrimaryKey>1463377554134821227</PrimaryKey>
<ServerReplicationVersion>0</ServerReplicationVersion>
<GroupName>AG7</GroupName>
<Description></Description>
</RECORD>
<RECORD>
<PrimaryKey>1463377472702327936</PrimaryKey>
<ServerReplicationVersion>0</ServerReplicationVersion>
<GroupName>AG6</GroupName>
<Description></Description>
</RECORD>
<RECORD>
<PrimaryKey>1463377412615700057</PrimaryKey>
<ServerReplicationVersion>0</ServerReplicationVersion>
<GroupName>AG2</GroupName>
<Description></Description>
</RECORD>
<RECORD>
<PrimaryKey>1463377458295461553</PrimaryKey>
<ServerReplicationVersion>0</ServerReplicationVersion>
<GroupName>AG5</GroupName>
<Description></Description>
</RECORD>
<RECORD>
<PrimaryKey>1463377421518946942</PrimaryKey>
<ServerReplicationVersion>0</ServerReplicationVersion>
<GroupName>AG3</GroupName>
<Description></Description>
</RECORD>
<RECORD>
<PrimaryKey>1463377450814239479</PrimaryKey>
<ServerReplicationVersion>0</ServerReplicationVersion>
<GroupName>AG4</GroupName>
<Description></Description>
</RECORD>
</JobGroup>
