<?xml version="1.0" encoding="UTF-8"?>
<JobParameterGroupLink>
<RECORD>
<PrimaryKey>1461473605877817784</PrimaryKey>
<ServerReplicationVersion>0</ServerReplicationVersion>
<Source>1461473385981559043</Source>
<Destination>1461473477405291170</Destination>
</RECORD>
<RECORD>
<PrimaryKey>1461473648917654338</PrimaryKey>
<ServerReplicationVersion>0</ServerReplicationVersion>
<Source>1461473418213220238</Source>
<Destination>1461473544485657170</Destination>
</RECORD>
<RECORD>
<PrimaryKey>1461473581245199419</PrimaryKey>
<ServerReplicationVersion>0</ServerReplicationVersion>
<Source>1461473353261287116</Source>
<Destination>1461473456997666598</Destination>
</RECORD>
<RECORD>
<PrimaryKey>1461473637372811531</PrimaryKey>
<ServerReplicationVersion>0</ServerReplicationVersion>
<Source>1461473385981559043</Source>
<Destination>1461473525133726769</Destination>
</RECORD>
<RECORD>
<PrimaryKey>1461473621029697006</PrimaryKey>
<ServerReplicationVersion>0</ServerReplicationVersion>
<Source>1461473385981559043</Source>
<Destination>1461473492885497539</Destination>
</RECORD>
<RECORD>
<PrimaryKey>1461473570717633615</PrimaryKey>
<ServerReplicationVersion>0</ServerReplicationVersion>
<Source>1461473353261287116</Source>
<Destination>1461473443309887434</Destination>
</RECORD>
</JobParameterGroupLink>
