<?xml version="1.0" encoding="UTF-8"?>
<JobParameter>
<RECORD>
<PrimaryKey>1461473792643408983</PrimaryKey>
<ServerReplicationVersion>0</ServerReplicationVersion>
<Job>1461473370835021152</Job>
<ParameterName>A2</ParameterName>
<ParameterValue>22</ParameterValue>
<JobParameterGroup>1461473477405291170</JobParameterGroup>
</RECORD>
<RECORD>
<PrimaryKey>1461473808420860695</PrimaryKey>
<ServerReplicationVersion>0</ServerReplicationVersion>
<Job>1461473370835021152</Job>
<ParameterName>A3</ParameterName>
<ParameterValue>66</ParameterValue>
<JobParameterGroup>1461473477405291170</JobParameterGroup>
</RECORD>
<RECORD>
<PrimaryKey>1461473773708102682</PrimaryKey>
<ServerReplicationVersion>0</ServerReplicationVersion>
<Job>1461473370835021152</Job>
<ParameterName>A1</ParameterName>
<ParameterValue>24</ParameterValue>
<JobParameterGroup>1461473477405291170</JobParameterGroup>
</RECORD>
</JobParameter>
