<?xml version="1.0" encoding="UTF-8"?>
<JobParameterGroup>
<RECORD>
<PrimaryKey>1461473525133726769</PrimaryKey>
<ServerReplicationVersion>0</ServerReplicationVersion>
<GroupName>PG2-C</GroupName>
<Description></Description>
<Job>1461473370835021152</Job>
</RECORD>
<RECORD>
<PrimaryKey>1461473443309887434</PrimaryKey>
<ServerReplicationVersion>0</ServerReplicationVersion>
<GroupName>PG1-A</GroupName>
<Description></Description>
<Job>1461473370835021152</Job>
</RECORD>
<RECORD>
<PrimaryKey>1461473353261287116</PrimaryKey>
<ServerReplicationVersion>0</ServerReplicationVersion>
<GroupName>PG1</GroupName>
<Description></Description>
<Job>1461473370835021152</Job>
</RECORD>
<RECORD>
<PrimaryKey>1461473456997666598</PrimaryKey>
<ServerReplicationVersion>0</ServerReplicationVersion>
<GroupName>PG1-B</GroupName>
<Description></Description>
<Job>1461473370835021152</Job>
</RECORD>
<RECORD>
<PrimaryKey>1461473477405291170</PrimaryKey>
<ServerReplicationVersion>0</ServerReplicationVersion>
<GroupName>PG2-A</GroupName>
<Description></Description>
<Job>1461473370835021152</Job>
</RECORD>
<RECORD>
<PrimaryKey>1461473544485657170</PrimaryKey>
<ServerReplicationVersion>0</ServerReplicationVersion>
<GroupName>PG3-A</GroupName>
<Description></Description>
<Job>1461473370835021152</Job>
</RECORD>
<RECORD>
<PrimaryKey>1461473385981559043</PrimaryKey>
<ServerReplicationVersion>1</ServerReplicationVersion>
<GroupName>PG2</GroupName>
<Description></Description>
<Job>1461473370835021152</Job>
</RECORD>
<RECORD>
<PrimaryKey>1461473492885497539</PrimaryKey>
<ServerReplicationVersion>0</ServerReplicationVersion>
<GroupName>PG2-B</GroupName>
<Description></Description>
<Job>1461473370835021152</Job>
</RECORD>
<RECORD>
<PrimaryKey>1461473418213220238</PrimaryKey>
<ServerReplicationVersion>0</ServerReplicationVersion>
<GroupName>PG3</GroupName>
<Description></Description>
<Job>1461473370835021152</Job>
</RECORD>
</JobParameterGroup>
