<?xml version="1.0" encoding="UTF-8"?>
<PlanJobLink>
<RECORD>
<PrimaryKey>1462514304079500448</PrimaryKey>
<ServerReplicationVersion>0</ServerReplicationVersion>
<Source>1462513875041422689</Source>
<Destination>1462513861762918287</Destination>
<ExecutionPlan>1462424532764605337</ExecutionPlan>
</RECORD>
<RECORD>
<PrimaryKey>1462425165106180963</PrimaryKey>
<ServerReplicationVersion>0</ServerReplicationVersion>
<Source>1462424978963304795</Source>
<Destination>1462425062906699680</Destination>
<ExecutionPlan>1462424518397063709</ExecutionPlan>
</RECORD>
<RECORD>
<PrimaryKey>1462514533238216387</PrimaryKey>
<ServerReplicationVersion>0</ServerReplicationVersion>
<Source>1462514451063546842</Source>
<Destination>1462514459023250963</Destination>
<ExecutionPlan>1462424541268542645</ExecutionPlan>
</RECORD>
<RECORD>
<PrimaryKey>1462514135016066773</PrimaryKey>
<ServerReplicationVersion>0</ServerReplicationVersion>
<Source>1462513907809580608</Source>
<Destination>1462513921649100803</Destination>
<ExecutionPlan>1462424532764605337</ExecutionPlan>
</RECORD>
<RECORD>
<PrimaryKey>1462514555022760262</PrimaryKey>
<ServerReplicationVersion>0</ServerReplicationVersion>
<Source>1462514465311913581</Source>
<Destination>1462514471222244441</Destination>
<ExecutionPlan>1462424541268542645</ExecutionPlan>
</RECORD>
<RECORD>
<PrimaryKey>1462514039008733584</PrimaryKey>
<ServerReplicationVersion>0</ServerReplicationVersion>
<Source>1462513847305117279</Source>
<Destination>1462513875041422689</Destination>
<ExecutionPlan>1462424532764605337</ExecutionPlan>
</RECORD>
<RECORD>
<PrimaryKey>1462514120344482840</PrimaryKey>
<ServerReplicationVersion>0</ServerReplicationVersion>
<Source>1462513875041422689</Source>
<Destination>1462513907809580608</Destination>
<ExecutionPlan>1462424532764605337</ExecutionPlan>
</RECORD>
<RECORD>
<PrimaryKey>1462425147226566843</PrimaryKey>
<ServerReplicationVersion>0</ServerReplicationVersion>
<Source>1462424978963304795</Source>
<Destination>1462425048690946908</Destination>
<ExecutionPlan>1462424518397063709</ExecutionPlan>
</RECORD>
<RECORD>
<PrimaryKey>1462425315241573269</PrimaryKey>
<ServerReplicationVersion>0</ServerReplicationVersion>
<Source>1462425090842120728</Source>
<Destination>1462425099602919465</Destination>
<ExecutionPlan>1462424518397063709</ExecutionPlan>
</RECORD>
<RECORD>
<PrimaryKey>1462425338049845653</PrimaryKey>
<ServerReplicationVersion>0</ServerReplicationVersion>
<Source>1462425083218753717</Source>
<Destination>1462425099602919465</Destination>
<ExecutionPlan>1462424518397063709</ExecutionPlan>
</RECORD>
<RECORD>
<PrimaryKey>1462514237856497529</PrimaryKey>
<ServerReplicationVersion>0</ServerReplicationVersion>
<Source>1462513888065371454</Source>
<Destination>1462513921649100803</Destination>
<ExecutionPlan>1462424532764605337</ExecutionPlan>
</RECORD>
<RECORD>
<PrimaryKey>1461510047980167660</PrimaryKey>
<ServerReplicationVersion>0</ServerReplicationVersion>
<Source>1461509921845545624</Source>
<Destination>1461509947676953069</Destination>
<ExecutionPlan>1461509866605175128</ExecutionPlan>
</RECORD>
<RECORD>
<PrimaryKey>1462425325433883603</PrimaryKey>
<ServerReplicationVersion>0</ServerReplicationVersion>
<Source>1462425076242137235</Source>
<Destination>1462425099602919465</Destination>
<ExecutionPlan>1462424518397063709</ExecutionPlan>
</RECORD>
<RECORD>
<PrimaryKey>1461510014877688289</PrimaryKey>
<ServerReplicationVersion>0</ServerReplicationVersion>
<Source>1461509921845545624</Source>
<Destination>1461509941157733184</Destination>
<ExecutionPlan>1461509866605175128</ExecutionPlan>
</RECORD>
<RECORD>
<PrimaryKey>1462425241489496609</PrimaryKey>
<ServerReplicationVersion>0</ServerReplicationVersion>
<Source>1462425048690946908</Source>
<Destination>1462425068578022055</Destination>
<ExecutionPlan>1462424518397063709</ExecutionPlan>
</RECORD>
<RECORD>
<PrimaryKey>1462513947201434674</PrimaryKey>
<ServerReplicationVersion>0</ServerReplicationVersion>
<Source>1462513847305117279</Source>
<Destination>1462513861762918287</Destination>
<ExecutionPlan>1462424532764605337</ExecutionPlan>
</RECORD>
<RECORD>
<PrimaryKey>1462514184824277802</PrimaryKey>
<ServerReplicationVersion>0</ServerReplicationVersion>
<Source>1462513861762918287</Source>
<Destination>1462513921649100803</Destination>
<ExecutionPlan>1462424532764605337</ExecutionPlan>
</RECORD>
<RECORD>
<PrimaryKey>1462514073808162167</PrimaryKey>
<ServerReplicationVersion>0</ServerReplicationVersion>
<Source>1462513847305117279</Source>
<Destination>1462513888065371454</Destination>
<ExecutionPlan>1462424532764605337</ExecutionPlan>
</RECORD>
<RECORD>
<PrimaryKey>1462425266898876360</PrimaryKey>
<ServerReplicationVersion>0</ServerReplicationVersion>
<Source>1462425068578022055</Source>
<Destination>1462425076242137235</Destination>
<ExecutionPlan>1462424518397063709</ExecutionPlan>
</RECORD>
<RECORD>
<PrimaryKey>1462514091944558744</PrimaryKey>
<ServerReplicationVersion>0</ServerReplicationVersion>
<Source>1462513875041422689</Source>
<Destination>1462513899737651449</Destination>
<ExecutionPlan>1462424532764605337</ExecutionPlan>
</RECORD>
<RECORD>
<PrimaryKey>1462514544998333616</PrimaryKey>
<ServerReplicationVersion>0</ServerReplicationVersion>
<Source>1462514459023250963</Source>
<Destination>1462514465311913581</Destination>
<ExecutionPlan>1462424541268542645</ExecutionPlan>
</RECORD>
<RECORD>
<PrimaryKey>1462425280409698746</PrimaryKey>
<ServerReplicationVersion>0</ServerReplicationVersion>
<Source>1462425068578022055</Source>
<Destination>1462425083218753717</Destination>
<ExecutionPlan>1462424518397063709</ExecutionPlan>
</RECORD>
<RECORD>
<PrimaryKey>1462425185058061621</PrimaryKey>
<ServerReplicationVersion>0</ServerReplicationVersion>
<Source>1462425062906699680</Source>
<Destination>1462425068578022055</Destination>
<ExecutionPlan>1462424518397063709</ExecutionPlan>
</RECORD>
<RECORD>
<PrimaryKey>1462514261064853365</PrimaryKey>
<ServerReplicationVersion>0</ServerReplicationVersion>
<Source>1462513899737651449</Source>
<Destination>1462513907809580608</Destination>
<ExecutionPlan>1462424532764605337</ExecutionPlan>
</RECORD>
<RECORD>
<PrimaryKey>1462425300145593942</PrimaryKey>
<ServerReplicationVersion>0</ServerReplicationVersion>
<Source>1462425068578022055</Source>
<Destination>1462425090842120728</Destination>
<ExecutionPlan>1462424518397063709</ExecutionPlan>
</RECORD>
<RECORD>
<PrimaryKey>1462514500542980375</PrimaryKey>
<ServerReplicationVersion>0</ServerReplicationVersion>
<Source>1462514443742844193</Source>
<Destination>1462514451063546842</Destination>
<ExecutionPlan>1462424541268542645</ExecutionPlan>
</RECORD>
<RECORD>
<PrimaryKey>1462424952115858189</PrimaryKey>
<ServerReplicationVersion>0</ServerReplicationVersion>
<Source>1462424962220208878</Source>
<Destination>1462424978963304795</Destination>
<ExecutionPlan>1462424518397063709</ExecutionPlan>
</RECORD>
</PlanJobLink>
