<?xml version="1.0" encoding="UTF-8"?>
<PlanJobExecution>
<RECORD>
<PrimaryKey>1462514713254725512</PrimaryKey>
<ServerReplicationVersion>2</ServerReplicationVersion>
<PlanExecution>1462514713021973194</PlanExecution>
<PlanJob>1462513907809580608</PlanJob>
<FromDate>1462514713267</FromDate>
<ToDate>1462514713284</ToDate>
<JobServer>0</JobServer>
</RECORD>
<RECORD>
<PrimaryKey>1462522300575582769</PrimaryKey>
<ServerReplicationVersion>2</ServerReplicationVersion>
<PlanExecution>1462522300378803646</PlanExecution>
<PlanJob>1462514451063546842</PlanJob>
<FromDate>1462522300602</FromDate>
<ToDate>1462522300638</ToDate>
<JobServer>0</JobServer>
</RECORD>
<RECORD>
<PrimaryKey>1462522324178889001</PrimaryKey>
<ServerReplicationVersion>2</ServerReplicationVersion>
<PlanExecution>1462522323993780443</PlanExecution>
<PlanJob>1462514459023250963</PlanJob>
<FromDate>1462522324197</FromDate>
<ToDate>1462522324223</ToDate>
<JobServer>0</JobServer>
</RECORD>
<RECORD>
<PrimaryKey>1462428266237834258</PrimaryKey>
<ServerReplicationVersion>2</ServerReplicationVersion>
<PlanExecution>1462428266037548198</PlanExecution>
<PlanJob>1462425048690946908</PlanJob>
<FromDate>1462428266259</FromDate>
<ToDate>1462428267259</ToDate>
<JobServer>0</JobServer>
</RECORD>
<RECORD>
<PrimaryKey>1462988356073062770</PrimaryKey>
<ServerReplicationVersion>2</ServerReplicationVersion>
<PlanExecution>1462988325734232861</PlanExecution>
<PlanJob>1462513907809580608</PlanJob>
<FromDate>1462988356086</FromDate>
<ToDate>1462988366142</ToDate>
<JobServer>0</JobServer>
</RECORD>
<RECORD>
<PrimaryKey>1462529467097472772</PrimaryKey>
<ServerReplicationVersion>1</ServerReplicationVersion>
<PlanExecution>1462529456929197859</PlanExecution>
<PlanJob>1462513875041422689</PlanJob>
<FromDate>1462529467126</FromDate>
<ToDate>1462529477166</ToDate>
<JobServer>0</JobServer>
</RECORD>
<RECORD>
<PrimaryKey>1462529477179456773</PrimaryKey>
<ServerReplicationVersion>2</ServerReplicationVersion>
<PlanExecution>1462529456929197859</PlanExecution>
<PlanJob>1462513899737651449</PlanJob>
<FromDate>1462529477255</FromDate>
<ToDate>1462529487283</ToDate>
<JobServer>0</JobServer>
</RECORD>
<RECORD>
<PrimaryKey>1462527930541706779</PrimaryKey>
<ServerReplicationVersion>2</ServerReplicationVersion>
<PlanExecution>1462527900250558653</PlanExecution>
<PlanJob>1462514465311913581</PlanJob>
<FromDate>1462527930564</FromDate>
<ToDate>1462527940596</ToDate>
<JobServer>0</JobServer>
</RECORD>
<RECORD>
<PrimaryKey>1462528091823347267</PrimaryKey>
<ServerReplicationVersion>2</ServerReplicationVersion>
<PlanExecution>1462528041353905614</PlanExecution>
<PlanJob>1462425099602919465</PlanJob>
<FromDate>1462528091845</FromDate>
<ToDate>1462528101880</ToDate>
<JobServer>0</JobServer>
</RECORD>
<RECORD>
<PrimaryKey>1462522064139321012</PrimaryKey>
<ServerReplicationVersion>2</ServerReplicationVersion>
<PlanExecution>1462522064064993348</PlanExecution>
<PlanJob>1462514443742844193</PlanJob>
<FromDate>1462522064171</FromDate>
<ToDate>1462522064203</ToDate>
<JobServer>0</JobServer>
</RECORD>
<RECORD>
<PrimaryKey>1462528061550703780</PrimaryKey>
<ServerReplicationVersion>0</ServerReplicationVersion>
<PlanExecution>1462528041353905614</PlanExecution>
<PlanJob>1462425048690946908</PlanJob>
<FromDate>1462528061572</FromDate>
<ToDate>1462528062572</ToDate>
<JobServer>0</JobServer>
</RECORD>
<RECORD>
<PrimaryKey>1462528071621926780</PrimaryKey>
<ServerReplicationVersion>2</ServerReplicationVersion>
<PlanExecution>1462528041353905614</PlanExecution>
<PlanJob>1462425068578022055</PlanJob>
<FromDate>1462528071641</FromDate>
<ToDate>1462528081693</ToDate>
<JobServer>0</JobServer>
</RECORD>
<RECORD>
<PrimaryKey>1462522027224097018</PrimaryKey>
<ServerReplicationVersion>2</ServerReplicationVersion>
<PlanExecution>1462522026805685279</PlanExecution>
<PlanJob>1462514465311913581</PlanJob>
<FromDate>1462522027244</FromDate>
<ToDate>1462522027271</ToDate>
<JobServer>0</JobServer>
</RECORD>
<RECORD>
<PrimaryKey>1462528198083457786</PrimaryKey>
<ServerReplicationVersion>2</ServerReplicationVersion>
<PlanExecution>1462528177878931158</PlanExecution>
<PlanJob>1462425048690946908</PlanJob>
<FromDate>1462528198108</FromDate>
<ToDate>1462528208189</ToDate>
<JobServer>0</JobServer>
</RECORD>
<RECORD>
<PrimaryKey>1462526478426560789</PrimaryKey>
<ServerReplicationVersion>2</ServerReplicationVersion>
<PlanExecution>1462526478250488594</PlanExecution>
<PlanJob>1462514451063546842</PlanJob>
<FromDate>1462526478453</FromDate>
<ToDate>1462526478491</ToDate>
<JobServer>0</JobServer>
</RECORD>
<RECORD>
<PrimaryKey>1462988381068130789</PrimaryKey>
<ServerReplicationVersion>2</ServerReplicationVersion>
<PlanExecution>1462988340827368484</PlanExecution>
<PlanJob>1462425090842120728</PlanJob>
<FromDate>1462988381154</FromDate>
<ToDate>1462988391175</ToDate>
<JobServer>0</JobServer>
</RECORD>
<RECORD>
<PrimaryKey>1462514654728908280</PrimaryKey>
<ServerReplicationVersion>2</ServerReplicationVersion>
<PlanExecution>1462514654615937883</PlanExecution>
<PlanJob>1462424978963304795</PlanJob>
<FromDate>1462514654746</FromDate>
<ToDate>1462514654772</ToDate>
<JobServer>0</JobServer>
</RECORD>
<RECORD>
<PrimaryKey>1462427990254272026</PrimaryKey>
<ServerReplicationVersion>2</ServerReplicationVersion>
<PlanExecution>1462427750769970329</PlanExecution>
<PlanJob>1462425068578022055</PlanJob>
<FromDate>1462427990277</FromDate>
<ToDate>1462427990302</ToDate>
<JobServer>0</JobServer>
</RECORD>
<RECORD>
<PrimaryKey>1462428162077049798</PrimaryKey>
<ServerReplicationVersion>2</ServerReplicationVersion>
<PlanExecution>1462428161633407689</PlanExecution>
<PlanJob>1462425099602919465</PlanJob>
<FromDate>1462428162098</FromDate>
<ToDate>1462428162130</ToDate>
<JobServer>0</JobServer>
</RECORD>
<RECORD>
<PrimaryKey>1462522300468913286</PrimaryKey>
<ServerReplicationVersion>2</ServerReplicationVersion>
<PlanExecution>1462522300378803646</PlanExecution>
<PlanJob>1462514443742844193</PlanJob>
<FromDate>1462522300509</FromDate>
<ToDate>1462522300565</ToDate>
<JobServer>0</JobServer>
</RECORD>
<RECORD>
<PrimaryKey>1462522027162459290</PrimaryKey>
<ServerReplicationVersion>2</ServerReplicationVersion>
<PlanExecution>1462522026805685279</PlanExecution>
<PlanJob>1462514459023250963</PlanJob>
<FromDate>1462522027183</FromDate>
<ToDate>1462522027216</ToDate>
<JobServer>0</JobServer>
</RECORD>
<RECORD>
<PrimaryKey>1462529521971385292</PrimaryKey>
<ServerReplicationVersion>1</ServerReplicationVersion>
<PlanExecution>1462529481657471639</PlanExecution>
<PlanJob>1462425076242137235</PlanJob>
<FromDate>1462529521995</FromDate>
<ToDate>1462529522995</ToDate>
<JobServer>0</JobServer>
</RECORD>
<RECORD>
<PrimaryKey>1462988235362132036</PrimaryKey>
<ServerReplicationVersion>2</ServerReplicationVersion>
<PlanExecution>1462988225180103265</PlanExecution>
<PlanJob>1462424978963304795</PlanJob>
<FromDate>1462988235374</FromDate>
<ToDate>1462988245436</ToDate>
<JobServer>0</JobServer>
</RECORD>
<RECORD>
<PrimaryKey>1462528208152886549</PrimaryKey>
<ServerReplicationVersion>2</ServerReplicationVersion>
<PlanExecution>1462528177878931158</PlanExecution>
<PlanJob>1462425068578022055</PlanJob>
<FromDate>1462528208166</FromDate>
<ToDate>1462528218210</ToDate>
<JobServer>0</JobServer>
</RECORD>
<RECORD>
<PrimaryKey>1462428370664324039</PrimaryKey>
<ServerReplicationVersion>3</ServerReplicationVersion>
<PlanExecution>1462428370413226173</PlanExecution>
<PlanJob>1462425076242137235</PlanJob>
<FromDate>1462428370683</FromDate>
<ToDate>1462428370713</ToDate>
<JobServer>0</JobServer>
</RECORD>
<RECORD>
<PrimaryKey>1462527968920355807</PrimaryKey>
<ServerReplicationVersion>2</ServerReplicationVersion>
<PlanExecution>1462527968817482036</PlanExecution>
<PlanJob>1462514443742844193</PlanJob>
<FromDate>1462527968949</FromDate>
<ToDate>1462527978986</ToDate>
<JobServer>0</JobServer>
</RECORD>
<RECORD>
<PrimaryKey>1462427440286253297</PrimaryKey>
<ServerReplicationVersion>0</ServerReplicationVersion>
<PlanExecution>1462427440144591037</PlanExecution>
<PlanJob>1462425068578022055</PlanJob>
<FromDate>1462427440286</FromDate>
<ToDate>1462427440293</ToDate>
<JobServer>0</JobServer>
</RECORD>
<RECORD>
<PrimaryKey>1462988381068336297</PrimaryKey>
<ServerReplicationVersion>2</ServerReplicationVersion>
<PlanExecution>1462988340827368484</PlanExecution>
<PlanJob>1462425083218753717</PlanJob>
<FromDate>1462988381079</FromDate>
<ToDate>1462988391161</ToDate>
<JobServer>0</JobServer>
</RECORD>
<RECORD>
<PrimaryKey>1462428161976559298</PrimaryKey>
<ServerReplicationVersion>0</ServerReplicationVersion>
<PlanExecution>1462428161633407689</PlanExecution>
<PlanJob>1462425076242137235</PlanJob>
<FromDate>1462428161979</FromDate>
<ToDate>1462428161976</ToDate>
<JobServer>0</JobServer>
</RECORD>
<RECORD>
<PrimaryKey>1462988381068238299</PrimaryKey>
<ServerReplicationVersion>2</ServerReplicationVersion>
<PlanExecution>1462988340827368484</PlanExecution>
<PlanJob>1462425076242137235</PlanJob>
<FromDate>1462988381078</FromDate>
<ToDate>1462988391161</ToDate>
<JobServer>0</JobServer>
</RECORD>
<RECORD>
<PrimaryKey>1462428266118659558</PrimaryKey>
<ServerReplicationVersion>2</ServerReplicationVersion>
<PlanExecution>1462428266037548198</PlanExecution>
<PlanJob>1462424962220208878</PlanJob>
<FromDate>1462428266143</FromDate>
<ToDate>1462428266170</ToDate>
<JobServer>0</JobServer>
</RECORD>
<RECORD>
<PrimaryKey>1462514762228439558</PrimaryKey>
<ServerReplicationVersion>1</ServerReplicationVersion>
<PlanExecution>1462514762117756067</PlanExecution>
<PlanJob>1462513875041422689</PlanJob>
<FromDate>1462514762248</FromDate>
<ToDate>1462514763248</ToDate>
<JobServer>0</JobServer>
</RECORD>
<RECORD>
<PrimaryKey>1462522574639811814</PrimaryKey>
<ServerReplicationVersion>2</ServerReplicationVersion>
<PlanExecution>1462522574501303194</PlanExecution>
<PlanJob>1462514451063546842</PlanJob>
<FromDate>1462522574660</FromDate>
<ToDate>1462522574692</ToDate>
<JobServer>0</JobServer>
</RECORD>
<RECORD>
<PrimaryKey>1462528218226926558</PrimaryKey>
<ServerReplicationVersion>3</ServerReplicationVersion>
<PlanExecution>1462528177878931158</PlanExecution>
<PlanJob>1462425090842120728</PlanJob>
<FromDate>1462528218257</FromDate>
<ToDate>1462528228294</ToDate>
<JobServer>0</JobServer>
</RECORD>
<RECORD>
<PrimaryKey>1462130527469963559</PrimaryKey>
<ServerReplicationVersion>0</ServerReplicationVersion>
<PlanExecution>1462130518313157791</PlanExecution>
<PlanJob>1461509921845545624</PlanJob>
<FromDate>1462130527469</FromDate>
<ToDate>1462130527477</ToDate>
<JobServer>0</JobServer>
</RECORD>
<RECORD>
<PrimaryKey>1462428266439412818</PrimaryKey>
<ServerReplicationVersion>2</ServerReplicationVersion>
<PlanExecution>1462428266037548198</PlanExecution>
<PlanJob>1462425099602919465</PlanJob>
<FromDate>1462428266458</FromDate>
<ToDate>1462428266486</ToDate>
<JobServer>0</JobServer>
</RECORD>
<RECORD>
<PrimaryKey>1462529491760857818</PrimaryKey>
<ServerReplicationVersion>2</ServerReplicationVersion>
<PlanExecution>1462529481657471639</PlanExecution>
<PlanJob>1462424978963304795</PlanJob>
<FromDate>1462529491783</FromDate>
<ToDate>1462529501808</ToDate>
<JobServer>0</JobServer>
</RECORD>
<RECORD>
<PrimaryKey>1462522324121914307</PrimaryKey>
<ServerReplicationVersion>2</ServerReplicationVersion>
<PlanExecution>1462522323993780443</PlanExecution>
<PlanJob>1462514451063546842</PlanJob>
<FromDate>1462522324139</FromDate>
<ToDate>1462522324169</ToDate>
<JobServer>0</JobServer>
</RECORD>
<RECORD>
<PrimaryKey>1462528041421386820</PrimaryKey>
<ServerReplicationVersion>2</ServerReplicationVersion>
<PlanExecution>1462528041353905614</PlanExecution>
<PlanJob>1462424962220208878</PlanJob>
<FromDate>1462528041449</FromDate>
<ToDate>1462528051479</ToDate>
<JobServer>0</JobServer>
</RECORD>
<RECORD>
<PrimaryKey>1462522324271807822</PrimaryKey>
<ServerReplicationVersion>2</ServerReplicationVersion>
<PlanExecution>1462522323993780443</PlanExecution>
<PlanJob>1462514471222244441</PlanJob>
<FromDate>1462522324286</FromDate>
<ToDate>1462522324308</ToDate>
<JobServer>0</JobServer>
</RECORD>
<RECORD>
<PrimaryKey>1462427440305167567</PrimaryKey>
<ServerReplicationVersion>1</ServerReplicationVersion>
<PlanExecution>1462427440144591037</PlanExecution>
<PlanJob>1462425090842120728</PlanJob>
<FromDate>1462427440305</FromDate>
<ToDate>1462427440314</ToDate>
<JobServer>0</JobServer>
</RECORD>
<RECORD>
<PrimaryKey>1462427440269728313</PrimaryKey>
<ServerReplicationVersion>0</ServerReplicationVersion>
<PlanExecution>1462427440144591037</PlanExecution>
<PlanJob>1462425048690946908</PlanJob>
<FromDate>1462427440269</FromDate>
<ToDate>1462427440275</ToDate>
<JobServer>0</JobServer>
</RECORD>
<RECORD>
<PrimaryKey>1462428266361541571</PrimaryKey>
<ServerReplicationVersion>0</ServerReplicationVersion>
<PlanExecution>1462428266037548198</PlanExecution>
<PlanJob>1462425076242137235</PlanJob>
<FromDate>1462428266384</FromDate>
<ToDate>1462428267384</ToDate>
<JobServer>0</JobServer>
</RECORD>
<RECORD>
<PrimaryKey>1462428370622773827</PrimaryKey>
<ServerReplicationVersion>2</ServerReplicationVersion>
<PlanExecution>1462428370413226173</PlanExecution>
<PlanJob>1462425068578022055</PlanJob>
<FromDate>1462428370639</FromDate>
<ToDate>1462428370657</ToDate>
<JobServer>0</JobServer>
</RECORD>
<RECORD>
<PrimaryKey>1462427071205046573</PrimaryKey>
<ServerReplicationVersion>0</ServerReplicationVersion>
<PlanExecution>1462425893529619548</PlanExecution>
<PlanJob>1462424962220208878</PlanJob>
<FromDate>1462427071205</FromDate>
<ToDate>1462427071221</ToDate>
<JobServer>0</JobServer>
</RECORD>
<RECORD>
<PrimaryKey>1462529487291051573</PrimaryKey>
<ServerReplicationVersion>2</ServerReplicationVersion>
<PlanExecution>1462529456929197859</PlanExecution>
<PlanJob>1462513907809580608</PlanJob>
<FromDate>1462529487313</FromDate>
<ToDate>1462529497349</ToDate>
<JobServer>0</JobServer>
</RECORD>
<RECORD>
<PrimaryKey>1462528218226772318</PrimaryKey>
<ServerReplicationVersion>0</ServerReplicationVersion>
<PlanExecution>1462528177878931158</PlanExecution>
<PlanJob>1462425083218753717</PlanJob>
<FromDate>1462528218229</FromDate>
<ToDate>1462528218226</ToDate>
<JobServer>0</JobServer>
</RECORD>
<RECORD>
<PrimaryKey>1462529501817722574</PrimaryKey>
<ServerReplicationVersion>3</ServerReplicationVersion>
<PlanExecution>1462529481657471639</PlanExecution>
<PlanJob>1462425048690946908</PlanJob>
<FromDate>1462529501842</FromDate>
<ToDate>1462529511900</ToDate>
<JobServer>0</JobServer>
</RECORD>
<RECORD>
<PrimaryKey>1462514654881492319</PrimaryKey>
<ServerReplicationVersion>3</ServerReplicationVersion>
<PlanExecution>1462514654615937883</PlanExecution>
<PlanJob>1462425083218753717</PlanJob>
<FromDate>1462514654899</FromDate>
<ToDate>1462514655899</ToDate>
<JobServer>0</JobServer>
</RECORD>
<RECORD>
<PrimaryKey>1462514654779080576</PrimaryKey>
<ServerReplicationVersion>3</ServerReplicationVersion>
<PlanExecution>1462514654615937883</PlanExecution>
<PlanJob>1462425062906699680</PlanJob>
<FromDate>1462514654798</FromDate>
<ToDate>1462514654831</ToDate>
<JobServer>0</JobServer>
</RECORD>
<RECORD>
<PrimaryKey>1462427970878926578</PrimaryKey>
<ServerReplicationVersion>2</ServerReplicationVersion>
<PlanExecution>1462427750769970329</PlanExecution>
<PlanJob>1462425062906699680</PlanJob>
<FromDate>1462427970914</FromDate>
<ToDate>1462427970944</ToDate>
<JobServer>0</JobServer>
</RECORD>
<RECORD>
<PrimaryKey>1462428370561446067</PrimaryKey>
<ServerReplicationVersion>0</ServerReplicationVersion>
<PlanExecution>1462428370413226173</PlanExecution>
<PlanJob>1462425062906699680</PlanJob>
<FromDate>1462428370580</FromDate>
<ToDate>1462428371580</ToDate>
<JobServer>0</JobServer>
</RECORD>
<RECORD>
<PrimaryKey>1462522483322805838</PrimaryKey>
<ServerReplicationVersion>2</ServerReplicationVersion>
<PlanExecution>1462522483059378439</PlanExecution>
<PlanJob>1462514465311913581</PlanJob>
<FromDate>1462522483342</FromDate>
<ToDate>1462522483363</ToDate>
<JobServer>0</JobServer>
</RECORD>
<RECORD>
<PrimaryKey>1461995648816521841</PrimaryKey>
<ServerReplicationVersion>0</ServerReplicationVersion>
<PlanExecution>1461995306521640388</PlanExecution>
<PlanJob>1461509921845545624</PlanJob>
<FromDate>1461995648816</FromDate>
<ToDate>1461995648830</ToDate>
<JobServer>0</JobServer>
</RECORD>
<RECORD>
<PrimaryKey>1462522027280060330</PrimaryKey>
<ServerReplicationVersion>2</ServerReplicationVersion>
<PlanExecution>1462522026805685279</PlanExecution>
<PlanJob>1462514471222244441</PlanJob>
<FromDate>1462522027303</FromDate>
<ToDate>1462522027327</ToDate>
<JobServer>0</JobServer>
</RECORD>
<RECORD>
<PrimaryKey>1462514762386169844</PrimaryKey>
<ServerReplicationVersion>2</ServerReplicationVersion>
<PlanExecution>1462514762117756067</PlanExecution>
<PlanJob>1462513921649100803</PlanJob>
<FromDate>1462514762400</FromDate>
<ToDate>1462514762416</ToDate>
<JobServer>0</JobServer>
</RECORD>
<RECORD>
<PrimaryKey>1462515023779165076</PrimaryKey>
<ServerReplicationVersion>3</ServerReplicationVersion>
<PlanExecution>1462515023673070589</PlanExecution>
<PlanJob>1461509941157733184</PlanJob>
<FromDate>1462515023799</FromDate>
<ToDate>1462515023833</ToDate>
<JobServer>0</JobServer>
</RECORD>
<RECORD>
<PrimaryKey>1462428161977626845</PrimaryKey>
<ServerReplicationVersion>2</ServerReplicationVersion>
<PlanExecution>1462428161633407689</PlanExecution>
<PlanJob>1462425090842120728</PlanJob>
<FromDate>1462428162019</FromDate>
<ToDate>1462428163019</ToDate>
<JobServer>0</JobServer>
</RECORD>
<RECORD>
<PrimaryKey>1462522574573997335</PrimaryKey>
<ServerReplicationVersion>2</ServerReplicationVersion>
<PlanExecution>1462522574501303194</PlanExecution>
<PlanJob>1462514443742844193</PlanJob>
<FromDate>1462522574600</FromDate>
<ToDate>1462522574628</ToDate>
<JobServer>0</JobServer>
</RECORD>
<RECORD>
<PrimaryKey>1462988366144076082</PrimaryKey>
<ServerReplicationVersion>2</ServerReplicationVersion>
<PlanExecution>1462988325734232861</PlanExecution>
<PlanJob>1462513921649100803</PlanJob>
<FromDate>1462988366154</FromDate>
<ToDate>1462988376186</ToDate>
<JobServer>0</JobServer>
</RECORD>
<RECORD>
<PrimaryKey>1462428161978852597</PrimaryKey>
<ServerReplicationVersion>2</ServerReplicationVersion>
<PlanExecution>1462428161633407689</PlanExecution>
<PlanJob>1462425083218753717</PlanJob>
<FromDate>1462428162053</FromDate>
<ToDate>1462428162077</ToDate>
<JobServer>0</JobServer>
</RECORD>
<RECORD>
<PrimaryKey>1462428266178420341</PrimaryKey>
<ServerReplicationVersion>2</ServerReplicationVersion>
<PlanExecution>1462428266037548198</PlanExecution>
<PlanJob>1462424978963304795</PlanJob>
<FromDate>1462428266198</FromDate>
<ToDate>1462428266228</ToDate>
<JobServer>0</JobServer>
</RECORD>
<RECORD>
<PrimaryKey>1462514713136220085</PrimaryKey>
<ServerReplicationVersion>3</ServerReplicationVersion>
<PlanExecution>1462514713021973194</PlanExecution>
<PlanJob>1462513888065371454</PlanJob>
<FromDate>1462514713154</FromDate>
<ToDate>1462514713189</ToDate>
<JobServer>0</JobServer>
</RECORD>
<RECORD>
<PrimaryKey>1462522064276692856</PrimaryKey>
<ServerReplicationVersion>2</ServerReplicationVersion>
<PlanExecution>1462522064064993348</PlanExecution>
<PlanJob>1462514459023250963</PlanJob>
<FromDate>1462522064296</FromDate>
<ToDate>1462522064316</ToDate>
<JobServer>0</JobServer>
</RECORD>
<RECORD>
<PrimaryKey>1462988325834308089</PrimaryKey>
<ServerReplicationVersion>2</ServerReplicationVersion>
<PlanExecution>1462988325734232861</PlanExecution>
<PlanJob>1462513847305117279</PlanJob>
<FromDate>1462988325869</FromDate>
<ToDate>1462988335903</ToDate>
<JobServer>0</JobServer>
</RECORD>
<RECORD>
<PrimaryKey>1462428161920961090</PrimaryKey>
<ServerReplicationVersion>2</ServerReplicationVersion>
<PlanExecution>1462428161633407689</PlanExecution>
<PlanJob>1462425068578022055</PlanJob>
<FromDate>1462428161945</FromDate>
<ToDate>1462428161967</ToDate>
<JobServer>0</JobServer>
</RECORD>
<RECORD>
<PrimaryKey>1462514713197340858</PrimaryKey>
<ServerReplicationVersion>5</ServerReplicationVersion>
<PlanExecution>1462514713021973194</PlanExecution>
<PlanJob>1462513861762918287</PlanJob>
<FromDate>1462514713217</FromDate>
<ToDate>1462514713248</ToDate>
<JobServer>0</JobServer>
</RECORD>
<RECORD>
<PrimaryKey>1462988265588134860</PrimaryKey>
<ServerReplicationVersion>2</ServerReplicationVersion>
<PlanExecution>1462988225180103265</PlanExecution>
<PlanJob>1462425090842120728</PlanJob>
<FromDate>1462988265684</FromDate>
<ToDate>1462988275704</ToDate>
<JobServer>0</JobServer>
</RECORD>
<RECORD>
<PrimaryKey>1462514713088155605</PrimaryKey>
<ServerReplicationVersion>2</ServerReplicationVersion>
<PlanExecution>1462514713021973194</PlanExecution>
<PlanJob>1462513847305117279</PlanJob>
<FromDate>1462514713106</FromDate>
<ToDate>1462514713129</ToDate>
<JobServer>0</JobServer>
</RECORD>
<RECORD>
<PrimaryKey>1462522064322196093</PrimaryKey>
<ServerReplicationVersion>2</ServerReplicationVersion>
<PlanExecution>1462522064064993348</PlanExecution>
<PlanJob>1462514465311913581</PlanJob>
<FromDate>1462522064341</FromDate>
<ToDate>1462522064361</ToDate>
<JobServer>0</JobServer>
</RECORD>
<RECORD>
<PrimaryKey>1462514654839893350</PrimaryKey>
<ServerReplicationVersion>2</ServerReplicationVersion>
<PlanExecution>1462514654615937883</PlanExecution>
<PlanJob>1462425068578022055</PlanJob>
<FromDate>1462514654855</FromDate>
<ToDate>1462514654873</ToDate>
<JobServer>0</JobServer>
</RECORD>
<RECORD>
<PrimaryKey>1462514762228510095</PrimaryKey>
<ServerReplicationVersion>1</ServerReplicationVersion>
<PlanExecution>1462514762117756067</PlanExecution>
<PlanJob>1462513888065371454</PlanJob>
<FromDate>1462514762248</FromDate>
<ToDate>1462514762287</ToDate>
<JobServer>0</JobServer>
</RECORD>
<RECORD>
<PrimaryKey>1462428370513890096</PrimaryKey>
<ServerReplicationVersion>2</ServerReplicationVersion>
<PlanExecution>1462428370413226173</PlanExecution>
<PlanJob>1462424978963304795</PlanJob>
<FromDate>1462428370529</FromDate>
<ToDate>1462428370555</ToDate>
<JobServer>0</JobServer>
</RECORD>
<RECORD>
<PrimaryKey>1462988391175250608</PrimaryKey>
<ServerReplicationVersion>2</ServerReplicationVersion>
<PlanExecution>1462988340827368484</PlanExecution>
<PlanJob>1462425099602919465</PlanJob>
<FromDate>1462988391181</FromDate>
<ToDate>1462988401217</ToDate>
<JobServer>0</JobServer>
</RECORD>
<RECORD>
<PrimaryKey>1462428034310308867</PrimaryKey>
<ServerReplicationVersion>2</ServerReplicationVersion>
<PlanExecution>1462427750769970329</PlanExecution>
<PlanJob>1462425083218753717</PlanJob>
<FromDate>1462428034347</FromDate>
<ToDate>1462428034379</ToDate>
<JobServer>0</JobServer>
</RECORD>
<RECORD>
<PrimaryKey>1462427440306839356</PrimaryKey>
<ServerReplicationVersion>0</ServerReplicationVersion>
<PlanExecution>1462427440144591037</PlanExecution>
<PlanJob>1462425076242137235</PlanJob>
<FromDate>1462427440306</FromDate>
<ToDate>1462427440312</ToDate>
<JobServer>0</JobServer>
</RECORD>
<RECORD>
<PrimaryKey>1462529457022473872</PrimaryKey>
<ServerReplicationVersion>2</ServerReplicationVersion>
<PlanExecution>1462529456929197859</PlanExecution>
<PlanJob>1462513847305117279</PlanJob>
<FromDate>1462529457051</FromDate>
<ToDate>1462529467086</ToDate>
<JobServer>0</JobServer>
</RECORD>
<RECORD>
<PrimaryKey>1462428266310831361</PrimaryKey>
<ServerReplicationVersion>2</ServerReplicationVersion>
<PlanExecution>1462428266037548198</PlanExecution>
<PlanJob>1462425068578022055</PlanJob>
<FromDate>1462428266331</FromDate>
<ToDate>1462428266354</ToDate>
<JobServer>0</JobServer>
</RECORD>
<RECORD>
<PrimaryKey>1462515086683716362</PrimaryKey>
<ServerReplicationVersion>2</ServerReplicationVersion>
<PlanExecution>1462515086522531766</PlanExecution>
<PlanJob>1462514459023250963</PlanJob>
<FromDate>1462515086700</FromDate>
<ToDate>1462515086723</ToDate>
<JobServer>0</JobServer>
</RECORD>
<RECORD>
<PrimaryKey>1462528051490666618</PrimaryKey>
<ServerReplicationVersion>2</ServerReplicationVersion>
<PlanExecution>1462528041353905614</PlanExecution>
<PlanJob>1462424978963304795</PlanJob>
<FromDate>1462528051513</FromDate>
<ToDate>1462528061543</ToDate>
<JobServer>0</JobServer>
</RECORD>
<RECORD>
<PrimaryKey>1462514654779663619</PrimaryKey>
<ServerReplicationVersion>0</ServerReplicationVersion>
<PlanExecution>1462514654615937883</PlanExecution>
<PlanJob>1462425048690946908</PlanJob>
<FromDate>1462514654799</FromDate>
<ToDate>1462514655799</ToDate>
<JobServer>0</JobServer>
</RECORD>
<RECORD>
<PrimaryKey>1462988335905093110</PrimaryKey>
<ServerReplicationVersion>2</ServerReplicationVersion>
<PlanExecution>1462988325734232861</PlanExecution>
<PlanJob>1462513888065371454</PlanJob>
<FromDate>1462988335924</FromDate>
<ToDate>1462988345997</ToDate>
<JobServer>0</JobServer>
</RECORD>
<RECORD>
<PrimaryKey>1462522483263581113</PrimaryKey>
<ServerReplicationVersion>2</ServerReplicationVersion>
<PlanExecution>1462522483059378439</PlanExecution>
<PlanJob>1462514459023250963</PlanJob>
<FromDate>1462522483284</FromDate>
<ToDate>1462522483314</ToDate>
<JobServer>0</JobServer>
</RECORD>
<RECORD>
<PrimaryKey>1462522027024416370</PrimaryKey>
<ServerReplicationVersion>2</ServerReplicationVersion>
<PlanExecution>1462522026805685279</PlanExecution>
<PlanJob>1462514443742844193</PlanJob>
<FromDate>1462522027053</FromDate>
<ToDate>1462522027084</ToDate>
<JobServer>0</JobServer>
</RECORD>
<RECORD>
<PrimaryKey>1462522574763649115</PrimaryKey>
<ServerReplicationVersion>2</ServerReplicationVersion>
<PlanExecution>1462522574501303194</PlanExecution>
<PlanJob>1462514465311913581</PlanJob>
<FromDate>1462522574784</FromDate>
<ToDate>1462522574809</ToDate>
<JobServer>0</JobServer>
</RECORD>
<RECORD>
<PrimaryKey>1461510362169758116</PrimaryKey>
<ServerReplicationVersion>0</ServerReplicationVersion>
<PlanExecution>1461510293900855578</PlanExecution>
<PlanJob>1461509921845545624</PlanJob>
<FromDate>1461510362169</FromDate>
<ToDate>1461510362186</ToDate>
<JobServer>0</JobServer>
</RECORD>
<RECORD>
<PrimaryKey>1462522300719612884</PrimaryKey>
<ServerReplicationVersion>2</ServerReplicationVersion>
<PlanExecution>1462522300378803646</PlanExecution>
<PlanJob>1462514465311913581</PlanJob>
<FromDate>1462522300742</FromDate>
<ToDate>1462522300768</ToDate>
<JobServer>0</JobServer>
</RECORD>
<RECORD>
<PrimaryKey>1462528188025732884</PrimaryKey>
<ServerReplicationVersion>2</ServerReplicationVersion>
<PlanExecution>1462528177878931158</PlanExecution>
<PlanJob>1462424978963304795</PlanJob>
<FromDate>1462528188047</FromDate>
<ToDate>1462528198075</ToDate>
<JobServer>0</JobServer>
</RECORD>
<RECORD>
<PrimaryKey>1461995648844858886</PrimaryKey>
<ServerReplicationVersion>1</ServerReplicationVersion>
<PlanExecution>1461995306521640388</PlanExecution>
<PlanJob>1461509947676953069</PlanJob>
<FromDate>1461995648844</FromDate>
<ToDate>1461995648854</ToDate>
<JobServer>0</JobServer>
</RECORD>
<RECORD>
<PrimaryKey>1462514762295046887</PrimaryKey>
<ServerReplicationVersion>4</ServerReplicationVersion>
<PlanExecution>1462514762117756067</PlanExecution>
<PlanJob>1462513861762918287</PlanJob>
<FromDate>1462514762313</FromDate>
<ToDate>1462514762344</ToDate>
<JobServer>0</JobServer>
</RECORD>
<RECORD>
<PrimaryKey>1462514713290063888</PrimaryKey>
<ServerReplicationVersion>2</ServerReplicationVersion>
<PlanExecution>1462514713021973194</PlanExecution>
<PlanJob>1462513921649100803</PlanJob>
<FromDate>1462514713304</FromDate>
<ToDate>1462514713320</ToDate>
<JobServer>0</JobServer>
</RECORD>
<RECORD>
<PrimaryKey>1462988335905085377</PrimaryKey>
<ServerReplicationVersion>2</ServerReplicationVersion>
<PlanExecution>1462988325734232861</PlanExecution>
<PlanJob>1462513875041422689</PlanJob>
<FromDate>1462988335923</FromDate>
<ToDate>1462988345997</ToDate>
<JobServer>0</JobServer>
</RECORD>
<RECORD>
<PrimaryKey>1462428266361121634</PrimaryKey>
<ServerReplicationVersion>1</ServerReplicationVersion>
<PlanExecution>1462428266037548198</PlanExecution>
<PlanJob>1462425083218753717</PlanJob>
<FromDate>1462428266382</FromDate>
<ToDate>1462428266430</ToDate>
<JobServer>0</JobServer>
</RECORD>
<RECORD>
<PrimaryKey>1462988245439548123</PrimaryKey>
<ServerReplicationVersion>2</ServerReplicationVersion>
<PlanExecution>1462988225180103265</PlanExecution>
<PlanJob>1462425062906699680</PlanJob>
<FromDate>1462988245499</FromDate>
<ToDate>1462988255523</ToDate>
<JobServer>0</JobServer>
</RECORD>
<RECORD>
<PrimaryKey>1461510362195686636</PrimaryKey>
<ServerReplicationVersion>1</ServerReplicationVersion>
<PlanExecution>1461510293900855578</PlanExecution>
<PlanJob>1461509941157733184</PlanJob>
<FromDate>1461510362195</FromDate>
<ToDate>1461510362222</ToDate>
<JobServer>0</JobServer>
</RECORD>
<RECORD>
<PrimaryKey>1462514654679081124</PrimaryKey>
<ServerReplicationVersion>2</ServerReplicationVersion>
<PlanExecution>1462514654615937883</PlanExecution>
<PlanJob>1462424962220208878</PlanJob>
<FromDate>1462514654699</FromDate>
<ToDate>1462514654720</ToDate>
<JobServer>0</JobServer>
</RECORD>
<RECORD>
<PrimaryKey>1462515086730515636</PrimaryKey>
<ServerReplicationVersion>2</ServerReplicationVersion>
<PlanExecution>1462515086522531766</PlanExecution>
<PlanJob>1462514465311913581</PlanJob>
<FromDate>1462515086746</FromDate>
<ToDate>1462515086764</ToDate>
<JobServer>0</JobServer>
</RECORD>
<RECORD>
<PrimaryKey>1462522483133453638</PrimaryKey>
<ServerReplicationVersion>2</ServerReplicationVersion>
<PlanExecution>1462522483059378439</PlanExecution>
<PlanJob>1462514443742844193</PlanJob>
<FromDate>1462522483160</FromDate>
<ToDate>1462522483194</ToDate>
<JobServer>0</JobServer>
</RECORD>
<RECORD>
<PrimaryKey>1462428370665257386</PrimaryKey>
<ServerReplicationVersion>1</ServerReplicationVersion>
<PlanExecution>1462428370413226173</PlanExecution>
<PlanJob>1462425083218753717</PlanJob>
<FromDate>1462428370683</FromDate>
<ToDate>1462428371683</ToDate>
<JobServer>0</JobServer>
</RECORD>
<RECORD>
<PrimaryKey>1462428370719990902</PrimaryKey>
<ServerReplicationVersion>2</ServerReplicationVersion>
<PlanExecution>1462428370413226173</PlanExecution>
<PlanJob>1462425099602919465</PlanJob>
<FromDate>1462428370734</FromDate>
<ToDate>1462428370756</ToDate>
<JobServer>0</JobServer>
</RECORD>
<RECORD>
<PrimaryKey>1462515086581990391</PrimaryKey>
<ServerReplicationVersion>2</ServerReplicationVersion>
<PlanExecution>1462515086522531766</PlanExecution>
<PlanJob>1462514443742844193</PlanJob>
<FromDate>1462515086601</FromDate>
<ToDate>1462515086624</ToDate>
<JobServer>0</JobServer>
</RECORD>
<RECORD>
<PrimaryKey>1462514654881420392</PrimaryKey>
<ServerReplicationVersion>3</ServerReplicationVersion>
<PlanExecution>1462514654615937883</PlanExecution>
<PlanJob>1462425090842120728</PlanJob>
<FromDate>1462514654899</FromDate>
<ToDate>1462514654928</ToDate>
<JobServer>0</JobServer>
</RECORD>
<RECORD>
<PrimaryKey>1462522300647305395</PrimaryKey>
<ServerReplicationVersion>2</ServerReplicationVersion>
<PlanExecution>1462522300378803646</PlanExecution>
<PlanJob>1462514459023250963</PlanJob>
<FromDate>1462522300678</FromDate>
<ToDate>1462522300709</ToDate>
<JobServer>0</JobServer>
</RECORD>
<RECORD>
<PrimaryKey>1462529501817445400</PrimaryKey>
<ServerReplicationVersion>1</ServerReplicationVersion>
<PlanExecution>1462529481657471639</PlanExecution>
<PlanJob>1462425062906699680</PlanJob>
<FromDate>1462529501818</FromDate>
<ToDate>1462529501817</ToDate>
<JobServer>0</JobServer>
</RECORD>
<RECORD>
<PrimaryKey>1462527989065907658</PrimaryKey>
<ServerReplicationVersion>2</ServerReplicationVersion>
<PlanExecution>1462527968817482036</PlanExecution>
<PlanJob>1462514459023250963</PlanJob>
<FromDate>1462527989088</FromDate>
<ToDate>1462527999121</ToDate>
<JobServer>0</JobServer>
</RECORD>
<RECORD>
<PrimaryKey>1462988255525519404</PrimaryKey>
<ServerReplicationVersion>2</ServerReplicationVersion>
<PlanExecution>1462988225180103265</PlanExecution>
<PlanJob>1462425068578022055</PlanJob>
<FromDate>1462988255536</FromDate>
<ToDate>1462988265586</ToDate>
<JobServer>0</JobServer>
</RECORD>
<RECORD>
<PrimaryKey>1462527910406740662</PrimaryKey>
<ServerReplicationVersion>2</ServerReplicationVersion>
<PlanExecution>1462527900250558653</PlanExecution>
<PlanJob>1462514451063546842</PlanJob>
<FromDate>1462527910430</FromDate>
<ToDate>1462527920465</ToDate>
<JobServer>0</JobServer>
</RECORD>
<RECORD>
<PrimaryKey>1462522300777670919</PrimaryKey>
<ServerReplicationVersion>2</ServerReplicationVersion>
<PlanExecution>1462522300378803646</PlanExecution>
<PlanJob>1462514471222244441</PlanJob>
<FromDate>1462522300803</FromDate>
<ToDate>1462522300835</ToDate>
<JobServer>0</JobServer>
</RECORD>
<RECORD>
<PrimaryKey>1462428161777162152</PrimaryKey>
<ServerReplicationVersion>2</ServerReplicationVersion>
<PlanExecution>1462428161633407689</PlanExecution>
<PlanJob>1462424978963304795</PlanJob>
<FromDate>1462428161800</FromDate>
<ToDate>1462428161837</ToDate>
<JobServer>0</JobServer>
</RECORD>
<RECORD>
<PrimaryKey>1462526478346336408</PrimaryKey>
<ServerReplicationVersion>2</ServerReplicationVersion>
<PlanExecution>1462526478250488594</PlanExecution>
<PlanJob>1462514443742844193</PlanJob>
<FromDate>1462526478376</FromDate>
<ToDate>1462526478413</ToDate>
<JobServer>0</JobServer>
</RECORD>
<RECORD>
<PrimaryKey>1462988345999090664</PrimaryKey>
<ServerReplicationVersion>2</ServerReplicationVersion>
<PlanExecution>1462988325734232861</PlanExecution>
<PlanJob>1462513861762918287</PlanJob>
<FromDate>1462988346019</FromDate>
<ToDate>1462988356070</ToDate>
<JobServer>0</JobServer>
</RECORD>
<RECORD>
<PrimaryKey>1462428161847651923</PrimaryKey>
<ServerReplicationVersion>1</ServerReplicationVersion>
<PlanExecution>1462428161633407689</PlanExecution>
<PlanJob>1462425062906699680</PlanJob>
<FromDate>1462428161872</FromDate>
<ToDate>1462428161912</ToDate>
<JobServer>0</JobServer>
</RECORD>
<RECORD>
<PrimaryKey>1462522324231005411</PrimaryKey>
<ServerReplicationVersion>2</ServerReplicationVersion>
<PlanExecution>1462522323993780443</PlanExecution>
<PlanJob>1462514465311913581</PlanJob>
<FromDate>1462522324245</FromDate>
<ToDate>1462522324265</ToDate>
<JobServer>0</JobServer>
</RECORD>
<RECORD>
<PrimaryKey>1462529521972819923</PrimaryKey>
<ServerReplicationVersion>2</ServerReplicationVersion>
<PlanExecution>1462529481657471639</PlanExecution>
<PlanJob>1462425083218753717</PlanJob>
<FromDate>1462529521993</FromDate>
<ToDate>1462529522993</ToDate>
<JobServer>0</JobServer>
</RECORD>
<RECORD>
<PrimaryKey>1462522574700716157</PrimaryKey>
<ServerReplicationVersion>2</ServerReplicationVersion>
<PlanExecution>1462522574501303194</PlanExecution>
<PlanJob>1462514459023250963</PlanJob>
<FromDate>1462522574724</FromDate>
<ToDate>1462522574755</ToDate>
<JobServer>0</JobServer>
</RECORD>
<RECORD>
<PrimaryKey>1462514762177636414</PrimaryKey>
<ServerReplicationVersion>2</ServerReplicationVersion>
<PlanExecution>1462514762117756067</PlanExecution>
<PlanJob>1462513847305117279</PlanJob>
<FromDate>1462514762195</FromDate>
<ToDate>1462514762218</ToDate>
<JobServer>0</JobServer>
</RECORD>
<RECORD>
<PrimaryKey>1462988225294503671</PrimaryKey>
<ServerReplicationVersion>2</ServerReplicationVersion>
<PlanExecution>1462988225180103265</PlanExecution>
<PlanJob>1462424962220208878</PlanJob>
<FromDate>1462988225325</FromDate>
<ToDate>1462988235360</ToDate>
<JobServer>0</JobServer>
</RECORD>
<RECORD>
<PrimaryKey>1462515086632879672</PrimaryKey>
<ServerReplicationVersion>2</ServerReplicationVersion>
<PlanExecution>1462515086522531766</PlanExecution>
<PlanJob>1462514451063546842</PlanJob>
<FromDate>1462515086649</FromDate>
<ToDate>1462515086676</ToDate>
<JobServer>0</JobServer>
</RECORD>
<RECORD>
<PrimaryKey>1462427071279716418</PrimaryKey>
<ServerReplicationVersion>0</ServerReplicationVersion>
<PlanExecution>1462425893529619548</PlanExecution>
<PlanJob>1462425076242137235</PlanJob>
<FromDate>1462427071279</FromDate>
<ToDate>1462427071284</ToDate>
<JobServer>0</JobServer>
</RECORD>
<RECORD>
<PrimaryKey>1462522064213695162</PrimaryKey>
<ServerReplicationVersion>2</ServerReplicationVersion>
<PlanExecution>1462522064064993348</PlanExecution>
<PlanJob>1462514451063546842</PlanJob>
<FromDate>1462522064235</FromDate>
<ToDate>1462522064267</ToDate>
<JobServer>0</JobServer>
</RECORD>
<RECORD>
<PrimaryKey>1462427883047889420</PrimaryKey>
<ServerReplicationVersion>2</ServerReplicationVersion>
<PlanExecution>1462427750769970329</PlanExecution>
<PlanJob>1462424978963304795</PlanJob>
<FromDate>1462427899454</FromDate>
<ToDate>1462427899498</ToDate>
<JobServer>0</JobServer>
</RECORD>
<RECORD>
<PrimaryKey>1462427071265763933</PrimaryKey>
<ServerReplicationVersion>0</ServerReplicationVersion>
<PlanExecution>1462425893529619548</PlanExecution>
<PlanJob>1462425068578022055</PlanJob>
<FromDate>1462427071265</FromDate>
<ToDate>1462427071270</ToDate>
<JobServer>0</JobServer>
</RECORD>
<RECORD>
<PrimaryKey>1462522483206602421</PrimaryKey>
<ServerReplicationVersion>2</ServerReplicationVersion>
<PlanExecution>1462522483059378439</PlanExecution>
<PlanJob>1462514451063546842</PlanJob>
<FromDate>1462522483228</FromDate>
<ToDate>1462522483256</ToDate>
<JobServer>0</JobServer>
</RECORD>
<RECORD>
<PrimaryKey>1462130527488937680</PrimaryKey>
<ServerReplicationVersion>0</ServerReplicationVersion>
<PlanExecution>1462130518313157791</PlanExecution>
<PlanJob>1461509941157733184</PlanJob>
<FromDate>1462130527488</FromDate>
<ToDate>1462130527494</ToDate>
<JobServer>0</JobServer>
</RECORD>
<RECORD>
<PrimaryKey>1462529477180395168</PrimaryKey>
<ServerReplicationVersion>2</ServerReplicationVersion>
<PlanExecution>1462529456929197859</PlanExecution>
<PlanJob>1462513861762918287</PlanJob>
<FromDate>1462529477215</FromDate>
<ToDate>1462529487258</ToDate>
<JobServer>0</JobServer>
</RECORD>
<RECORD>
<PrimaryKey>1462528081703024429</PrimaryKey>
<ServerReplicationVersion>2</ServerReplicationVersion>
<PlanExecution>1462528041353905614</PlanExecution>
<PlanJob>1462425076242137235</PlanJob>
<FromDate>1462528081728</FromDate>
<ToDate>1462528082728</ToDate>
<JobServer>0</JobServer>
</RECORD>
<RECORD>
<PrimaryKey>1462428370561648686</PrimaryKey>
<ServerReplicationVersion>3</ServerReplicationVersion>
<PlanExecution>1462428370413226173</PlanExecution>
<PlanJob>1462425048690946908</PlanJob>
<FromDate>1462428370580</FromDate>
<ToDate>1462428370615</ToDate>
<JobServer>0</JobServer>
</RECORD>
<RECORD>
<PrimaryKey>1462528081703351686</PrimaryKey>
<ServerReplicationVersion>0</ServerReplicationVersion>
<PlanExecution>1462528041353905614</PlanExecution>
<PlanJob>1462425090842120728</PlanJob>
<FromDate>1462528081706</FromDate>
<ToDate>1462528081703</ToDate>
<JobServer>0</JobServer>
</RECORD>
<RECORD>
<PrimaryKey>1462427440246196432</PrimaryKey>
<ServerReplicationVersion>0</ServerReplicationVersion>
<PlanExecution>1462427440144591037</PlanExecution>
<PlanJob>1462424978963304795</PlanJob>
<FromDate>1462427440246</FromDate>
<ToDate>1462427440259</ToDate>
<JobServer>0</JobServer>
</RECORD>
<RECORD>
<PrimaryKey>1462528198083096176</PrimaryKey>
<ServerReplicationVersion>2</ServerReplicationVersion>
<PlanExecution>1462528177878931158</PlanExecution>
<PlanJob>1462425062906699680</PlanJob>
<FromDate>1462528198111</FromDate>
<ToDate>1462528208147</ToDate>
<JobServer>0</JobServer>
</RECORD>
<RECORD>
<PrimaryKey>1462529481683165432</PrimaryKey>
<ServerReplicationVersion>2</ServerReplicationVersion>
<PlanExecution>1462529481657471639</PlanExecution>
<PlanJob>1462424962220208878</PlanJob>
<FromDate>1462529481711</FromDate>
<ToDate>1462529491750</ToDate>
<JobServer>0</JobServer>
</RECORD>
<RECORD>
<PrimaryKey>1462528177951670433</PrimaryKey>
<ServerReplicationVersion>2</ServerReplicationVersion>
<PlanExecution>1462528177878931158</PlanExecution>
<PlanJob>1462424962220208878</PlanJob>
<FromDate>1462528177981</FromDate>
<ToDate>1462528188012</ToDate>
<JobServer>0</JobServer>
</RECORD>
<RECORD>
<PrimaryKey>1462428161848225435</PrimaryKey>
<ServerReplicationVersion>2</ServerReplicationVersion>
<PlanExecution>1462428161633407689</PlanExecution>
<PlanJob>1462425048690946908</PlanJob>
<FromDate>1462428161872</FromDate>
<ToDate>1462428161914</ToDate>
<JobServer>0</JobServer>
</RECORD>
<RECORD>
<PrimaryKey>1462428028662841436</PrimaryKey>
<ServerReplicationVersion>2</ServerReplicationVersion>
<PlanExecution>1462427750769970329</PlanExecution>
<PlanJob>1462425076242137235</PlanJob>
<FromDate>1462428028682</FromDate>
<ToDate>1462428028716</ToDate>
<JobServer>0</JobServer>
</RECORD>
<RECORD>
<PrimaryKey>1462988265588266949</PrimaryKey>
<ServerReplicationVersion>2</ServerReplicationVersion>
<PlanExecution>1462988225180103265</PlanExecution>
<PlanJob>1462425083218753717</PlanJob>
<FromDate>1462988265636</FromDate>
<ToDate>1462988275674</ToDate>
<JobServer>0</JobServer>
</RECORD>
<RECORD>
<PrimaryKey>1462428047974542950</PrimaryKey>
<ServerReplicationVersion>2</ServerReplicationVersion>
<PlanExecution>1462427750769970329</PlanExecution>
<PlanJob>1462425099602919465</PlanJob>
<FromDate>1462428047997</FromDate>
<ToDate>1462428048035</ToDate>
<JobServer>0</JobServer>
</RECORD>
<RECORD>
<PrimaryKey>1462988275705089695</PrimaryKey>
<ServerReplicationVersion>2</ServerReplicationVersion>
<PlanExecution>1462988225180103265</PlanExecution>
<PlanJob>1462425099602919465</PlanJob>
<FromDate>1462988275716</FromDate>
<ToDate>1462988285765</ToDate>
<JobServer>0</JobServer>
</RECORD>
<RECORD>
<PrimaryKey>1462529511914562184</PrimaryKey>
<ServerReplicationVersion>2</ServerReplicationVersion>
<PlanExecution>1462529481657471639</PlanExecution>
<PlanJob>1462425068578022055</PlanJob>
<FromDate>1462529511931</FromDate>
<ToDate>1462529521962</ToDate>
<JobServer>0</JobServer>
</RECORD>
<RECORD>
<PrimaryKey>1462515023730691441</PrimaryKey>
<ServerReplicationVersion>2</ServerReplicationVersion>
<PlanExecution>1462515023673070589</PlanExecution>
<PlanJob>1461509921845545624</PlanJob>
<FromDate>1462515023748</FromDate>
<ToDate>1462515023772</ToDate>
<JobServer>0</JobServer>
</RECORD>
<RECORD>
<PrimaryKey>1462528081704595186</PrimaryKey>
<ServerReplicationVersion>0</ServerReplicationVersion>
<PlanExecution>1462528041353905614</PlanExecution>
<PlanJob>1462425083218753717</PlanJob>
<FromDate>1462528081705</FromDate>
<ToDate>1462528081704</ToDate>
<JobServer>0</JobServer>
</RECORD>
<RECORD>
<PrimaryKey>1462522027094465700</PrimaryKey>
<ServerReplicationVersion>2</ServerReplicationVersion>
<PlanExecution>1462522026805685279</PlanExecution>
<PlanJob>1462514451063546842</PlanJob>
<FromDate>1462522027116</FromDate>
<ToDate>1462522027149</ToDate>
<JobServer>0</JobServer>
</RECORD>
<RECORD>
<PrimaryKey>1462527900334516705</PrimaryKey>
<ServerReplicationVersion>2</ServerReplicationVersion>
<PlanExecution>1462527900250558653</PlanExecution>
<PlanJob>1462514443742844193</PlanJob>
<FromDate>1462527900363</FromDate>
<ToDate>1462527910395</ToDate>
<JobServer>0</JobServer>
</RECORD>
<RECORD>
<PrimaryKey>1462526478501654706</PrimaryKey>
<ServerReplicationVersion>2</ServerReplicationVersion>
<PlanExecution>1462526478250488594</PlanExecution>
<PlanJob>1462514459023250963</PlanJob>
<FromDate>1462526478532</FromDate>
<ToDate>1462526478569</ToDate>
<JobServer>0</JobServer>
</RECORD>
<RECORD>
<PrimaryKey>1462514654936740707</PrimaryKey>
<ServerReplicationVersion>2</ServerReplicationVersion>
<PlanExecution>1462514654615937883</PlanExecution>
<PlanJob>1462425099602919465</PlanJob>
<FromDate>1462514654954</FromDate>
<ToDate>1462514654983</ToDate>
<JobServer>0</JobServer>
</RECORD>
<RECORD>
<PrimaryKey>1462988265588517451</PrimaryKey>
<ServerReplicationVersion>2</ServerReplicationVersion>
<PlanExecution>1462988225180103265</PlanExecution>
<PlanJob>1462425076242137235</PlanJob>
<FromDate>1462988265668</FromDate>
<ToDate>1462988275689</ToDate>
<JobServer>0</JobServer>
</RECORD>
<RECORD>
<PrimaryKey>1462522324062891964</PrimaryKey>
<ServerReplicationVersion>2</ServerReplicationVersion>
<PlanExecution>1462522323993780443</PlanExecution>
<PlanJob>1462514443742844193</PlanJob>
<FromDate>1462522324086</FromDate>
<ToDate>1462522324114</ToDate>
<JobServer>0</JobServer>
</RECORD>
<RECORD>
<PrimaryKey>1462428029982365711</PrimaryKey>
<ServerReplicationVersion>2</ServerReplicationVersion>
<PlanExecution>1462427750769970329</PlanExecution>
<PlanJob>1462425090842120728</PlanJob>
<FromDate>1462428030002</FromDate>
<ToDate>1462428030024</ToDate>
<JobServer>0</JobServer>
</RECORD>
<RECORD>
<PrimaryKey>1462522483370209457</PrimaryKey>
<ServerReplicationVersion>2</ServerReplicationVersion>
<PlanExecution>1462522483059378439</PlanExecution>
<PlanJob>1462514471222244441</PlanJob>
<FromDate>1462522483389</FromDate>
<ToDate>1462522483410</ToDate>
<JobServer>0</JobServer>
</RECORD>
<RECORD>
<PrimaryKey>1462514762351464970</PrimaryKey>
<ServerReplicationVersion>2</ServerReplicationVersion>
<PlanExecution>1462514762117756067</PlanExecution>
<PlanJob>1462513907809580608</PlanJob>
<FromDate>1462514762366</FromDate>
<ToDate>1462514762382</ToDate>
<JobServer>0</JobServer>
</RECORD>
<RECORD>
<PrimaryKey>1462528228303415458</PrimaryKey>
<ServerReplicationVersion>2</ServerReplicationVersion>
<PlanExecution>1462528177878931158</PlanExecution>
<PlanJob>1462425099602919465</PlanJob>
<FromDate>1462528228338</FromDate>
<ToDate>1462528238372</ToDate>
<JobServer>0</JobServer>
</RECORD>
<RECORD>
<PrimaryKey>1462988350916660459</PrimaryKey>
<ServerReplicationVersion>2</ServerReplicationVersion>
<PlanExecution>1462988340827368484</PlanExecution>
<PlanJob>1462424978963304795</PlanJob>
<FromDate>1462988350928</FromDate>
<ToDate>1462988360962</ToDate>
<JobServer>0</JobServer>
</RECORD>
<RECORD>
<PrimaryKey>1462988371029538716</PrimaryKey>
<ServerReplicationVersion>2</ServerReplicationVersion>
<PlanExecution>1462988340827368484</PlanExecution>
<PlanJob>1462425068578022055</PlanJob>
<FromDate>1462988371036</FromDate>
<ToDate>1462988381067</ToDate>
<JobServer>0</JobServer>
</RECORD>
<RECORD>
<PrimaryKey>1462427759184749719</PrimaryKey>
<ServerReplicationVersion>2</ServerReplicationVersion>
<PlanExecution>1462427750769970329</PlanExecution>
<PlanJob>1462424962220208878</PlanJob>
<FromDate>1462427859416</FromDate>
<ToDate>1462427869853</ToDate>
<JobServer>0</JobServer>
</RECORD>
<RECORD>
<PrimaryKey>1462988340838186465</PrimaryKey>
<ServerReplicationVersion>2</ServerReplicationVersion>
<PlanExecution>1462988340827368484</PlanExecution>
<PlanJob>1462424962220208878</PlanJob>
<FromDate>1462988340852</FromDate>
<ToDate>1462988350914</ToDate>
<JobServer>0</JobServer>
</RECORD>
<RECORD>
<PrimaryKey>1462528061550324211</PrimaryKey>
<ServerReplicationVersion>2</ServerReplicationVersion>
<PlanExecution>1462528041353905614</PlanExecution>
<PlanJob>1462425062906699680</PlanJob>
<FromDate>1462528061572</FromDate>
<ToDate>1462528071613</ToDate>
<JobServer>0</JobServer>
</RECORD>
<RECORD>
<PrimaryKey>1462522574819293724</PrimaryKey>
<ServerReplicationVersion>2</ServerReplicationVersion>
<PlanExecution>1462522574501303194</PlanExecution>
<PlanJob>1462514471222244441</PlanJob>
<FromDate>1462522574841</FromDate>
<ToDate>1462522574873</ToDate>
<JobServer>0</JobServer>
</RECORD>
<RECORD>
<PrimaryKey>1462428266236174726</PrimaryKey>
<ServerReplicationVersion>2</ServerReplicationVersion>
<PlanExecution>1462428266037548198</PlanExecution>
<PlanJob>1462425062906699680</PlanJob>
<FromDate>1462428266262</FromDate>
<ToDate>1462428266300</ToDate>
<JobServer>0</JobServer>
</RECORD>
<RECORD>
<PrimaryKey>1462514713136303217</PrimaryKey>
<ServerReplicationVersion>0</ServerReplicationVersion>
<PlanExecution>1462514713021973194</PlanExecution>
<PlanJob>1462513875041422689</PlanJob>
<FromDate>1462514713137</FromDate>
<ToDate>1462514713136</ToDate>
<JobServer>0</JobServer>
</RECORD>
<RECORD>
<PrimaryKey>1462428161711516474</PrimaryKey>
<ServerReplicationVersion>2</ServerReplicationVersion>
<PlanExecution>1462428161633407689</PlanExecution>
<PlanJob>1462424962220208878</PlanJob>
<FromDate>1462428161740</FromDate>
<ToDate>1462428161769</ToDate>
<JobServer>0</JobServer>
</RECORD>
<RECORD>
<PrimaryKey>1462529497359940474</PrimaryKey>
<ServerReplicationVersion>2</ServerReplicationVersion>
<PlanExecution>1462529456929197859</PlanExecution>
<PlanJob>1462513921649100803</PlanJob>
<FromDate>1462529497381</FromDate>
<ToDate>1462529507416</ToDate>
<JobServer>0</JobServer>
</RECORD>
<RECORD>
<PrimaryKey>1462529532046790986</PrimaryKey>
<ServerReplicationVersion>2</ServerReplicationVersion>
<PlanExecution>1462529481657471639</PlanExecution>
<PlanJob>1462425099602919465</PlanJob>
<FromDate>1462529532064</FromDate>
<ToDate>1462529542085</ToDate>
<JobServer>0</JobServer>
</RECORD>
<RECORD>
<PrimaryKey>1462988360965931474</PrimaryKey>
<ServerReplicationVersion>2</ServerReplicationVersion>
<PlanExecution>1462988340827368484</PlanExecution>
<PlanJob>1462425062906699680</PlanJob>
<FromDate>1462988360975</FromDate>
<ToDate>1462988371008</ToDate>
<JobServer>0</JobServer>
</RECORD>
<RECORD>
<PrimaryKey>1462527920474540987</PrimaryKey>
<ServerReplicationVersion>2</ServerReplicationVersion>
<PlanExecution>1462527900250558653</PlanExecution>
<PlanJob>1462514459023250963</PlanJob>
<FromDate>1462527920495</FromDate>
<ToDate>1462527930532</ToDate>
<JobServer>0</JobServer>
</RECORD>
<RECORD>
<PrimaryKey>1462427071252706991</PrimaryKey>
<ServerReplicationVersion>1</ServerReplicationVersion>
<PlanExecution>1462425893529619548</PlanExecution>
<PlanJob>1462425048690946908</PlanJob>
<FromDate>1462427071252</FromDate>
<ToDate>1462427071257</ToDate>
<JobServer>0</JobServer>
</RECORD>
<RECORD>
<PrimaryKey>1462988245439329224</PrimaryKey>
<ServerReplicationVersion>2</ServerReplicationVersion>
<PlanExecution>1462988225180103265</PlanExecution>
<PlanJob>1462425048690946908</PlanJob>
<FromDate>1462988245456</FromDate>
<ToDate>1462988255507</ToDate>
<JobServer>0</JobServer>
</RECORD>
<RECORD>
<PrimaryKey>1462427966806425994</PrimaryKey>
<ServerReplicationVersion>2</ServerReplicationVersion>
<PlanExecution>1462427750769970329</PlanExecution>
<PlanJob>1462425048690946908</PlanJob>
<FromDate>1462427966833</FromDate>
<ToDate>1462427966876</ToDate>
<JobServer>0</JobServer>
</RECORD>
<RECORD>
<PrimaryKey>1462529467098857994</PrimaryKey>
<ServerReplicationVersion>1</ServerReplicationVersion>
<PlanExecution>1462529456929197859</PlanExecution>
<PlanJob>1462513888065371454</PlanJob>
<FromDate>1462529467128</FromDate>
<ToDate>1462529468128</ToDate>
<JobServer>0</JobServer>
</RECORD>
<RECORD>
<PrimaryKey>1462528009182605483</PrimaryKey>
<ServerReplicationVersion>2</ServerReplicationVersion>
<PlanExecution>1462527968817482036</PlanExecution>
<PlanJob>1462514471222244441</PlanJob>
<FromDate>1462528009199</FromDate>
<ToDate>1462528019220</ToDate>
<JobServer>0</JobServer>
</RECORD>
<RECORD>
<PrimaryKey>1462427440325273484</PrimaryKey>
<ServerReplicationVersion>0</ServerReplicationVersion>
<PlanExecution>1462427440144591037</PlanExecution>
<PlanJob>1462425099602919465</PlanJob>
<FromDate>1462427440324</FromDate>
<ToDate>1462427440331</ToDate>
<JobServer>0</JobServer>
</RECORD>
<RECORD>
<PrimaryKey>1462515023779096740</PrimaryKey>
<ServerReplicationVersion>1</ServerReplicationVersion>
<PlanExecution>1462515023673070589</PlanExecution>
<PlanJob>1461509947676953069</PlanJob>
<FromDate>1462515023799</FromDate>
<ToDate>1462515024799</ToDate>
<JobServer>0</JobServer>
</RECORD>
<RECORD>
<PrimaryKey>1462526478582329228</PrimaryKey>
<ServerReplicationVersion>2</ServerReplicationVersion>
<PlanExecution>1462526478250488594</PlanExecution>
<PlanJob>1462514465311913581</PlanJob>
<FromDate>1462526478606</FromDate>
<ToDate>1462526478634</ToDate>
<JobServer>0</JobServer>
</RECORD>
<RECORD>
<PrimaryKey>1462528218226113997</PrimaryKey>
<ServerReplicationVersion>3</ServerReplicationVersion>
<PlanExecution>1462528177878931158</PlanExecution>
<PlanJob>1462425076242137235</PlanJob>
<FromDate>1462528218257</FromDate>
<ToDate>1462528228295</ToDate>
<JobServer>0</JobServer>
</RECORD>
<RECORD>
<PrimaryKey>1462515086771567232</PrimaryKey>
<ServerReplicationVersion>2</ServerReplicationVersion>
<PlanExecution>1462515086522531766</PlanExecution>
<PlanJob>1462514471222244441</PlanJob>
<FromDate>1462515086786</FromDate>
<ToDate>1462515086805</ToDate>
<JobServer>0</JobServer>
</RECORD>
<RECORD>
<PrimaryKey>1462988360965661489</PrimaryKey>
<ServerReplicationVersion>2</ServerReplicationVersion>
<PlanExecution>1462988340827368484</PlanExecution>
<PlanJob>1462425048690946908</PlanJob>
<FromDate>1462988361004</FromDate>
<ToDate>1462988371027</ToDate>
<JobServer>0</JobServer>
</RECORD>
<RECORD>
<PrimaryKey>1462527999129980490</PrimaryKey>
<ServerReplicationVersion>2</ServerReplicationVersion>
<PlanExecution>1462527968817482036</PlanExecution>
<PlanJob>1462514465311913581</PlanJob>
<FromDate>1462527999151</FromDate>
<ToDate>1462528009176</ToDate>
<JobServer>0</JobServer>
</RECORD>
<RECORD>
<PrimaryKey>1462427071235295237</PrimaryKey>
<ServerReplicationVersion>0</ServerReplicationVersion>
<PlanExecution>1462425893529619548</PlanExecution>
<PlanJob>1462424978963304795</PlanJob>
<FromDate>1462427071235</FromDate>
<ToDate>1462427071242</ToDate>
<JobServer>0</JobServer>
</RECORD>
<RECORD>
<PrimaryKey>1462988345999801750</PrimaryKey>
<ServerReplicationVersion>2</ServerReplicationVersion>
<PlanExecution>1462988325734232861</PlanExecution>
<PlanJob>1462513899737651449</PlanJob>
<FromDate>1462988346018</FromDate>
<ToDate>1462988356070</ToDate>
<JobServer>0</JobServer>
</RECORD>
<RECORD>
<PrimaryKey>1462527940604829498</PrimaryKey>
<ServerReplicationVersion>2</ServerReplicationVersion>
<PlanExecution>1462527900250558653</PlanExecution>
<PlanJob>1462514471222244441</PlanJob>
<FromDate>1462527940626</FromDate>
<ToDate>1462527950653</ToDate>
<JobServer>0</JobServer>
</RECORD>
<RECORD>
<PrimaryKey>1462526478646617499</PrimaryKey>
<ServerReplicationVersion>2</ServerReplicationVersion>
<PlanExecution>1462526478250488594</PlanExecution>
<PlanJob>1462514471222244441</PlanJob>
<FromDate>1462526478669</FromDate>
<ToDate>1462526478697</ToDate>
<JobServer>0</JobServer>
</RECORD>
<RECORD>
<PrimaryKey>1462427071293710501</PrimaryKey>
<ServerReplicationVersion>0</ServerReplicationVersion>
<PlanExecution>1462425893529619548</PlanExecution>
<PlanJob>1462425099602919465</PlanJob>
<FromDate>1462427071293</FromDate>
<ToDate>1462427071297</ToDate>
<JobServer>0</JobServer>
</RECORD>
<RECORD>
<PrimaryKey>1462428266361235501</PrimaryKey>
<ServerReplicationVersion>4</ServerReplicationVersion>
<PlanExecution>1462428266037548198</PlanExecution>
<PlanJob>1462425090842120728</PlanJob>
<FromDate>1462428266382</FromDate>
<ToDate>1462428266430</ToDate>
<JobServer>0</JobServer>
</RECORD>
<RECORD>
<PrimaryKey>1462522064367802505</PrimaryKey>
<ServerReplicationVersion>2</ServerReplicationVersion>
<PlanExecution>1462522064064993348</PlanExecution>
<PlanJob>1462514471222244441</PlanJob>
<FromDate>1462522064387</FromDate>
<ToDate>1462522064408</ToDate>
<JobServer>0</JobServer>
</RECORD>
<RECORD>
<PrimaryKey>1462428370464070250</PrimaryKey>
<ServerReplicationVersion>2</ServerReplicationVersion>
<PlanExecution>1462428370413226173</PlanExecution>
<PlanJob>1462424962220208878</PlanJob>
<FromDate>1462428370482</FromDate>
<ToDate>1462428370507</ToDate>
<JobServer>0</JobServer>
</RECORD>
<RECORD>
<PrimaryKey>1462427440223542765</PrimaryKey>
<ServerReplicationVersion>0</ServerReplicationVersion>
<PlanExecution>1462427440144591037</PlanExecution>
<PlanJob>1462424962220208878</PlanJob>
<FromDate>1462427440223</FromDate>
<ToDate>1462427440234</ToDate>
<JobServer>0</JobServer>
</RECORD>
<RECORD>
<PrimaryKey>1462527978996502765</PrimaryKey>
<ServerReplicationVersion>2</ServerReplicationVersion>
<PlanExecution>1462527968817482036</PlanExecution>
<PlanJob>1462514451063546842</PlanJob>
<FromDate>1462527979022</FromDate>
<ToDate>1462527989055</ToDate>
<JobServer>0</JobServer>
</RECORD>
</PlanJobExecution>
