<?xml version="1.0" encoding="UTF-8"?>
<PlanJob>
<RECORD>
<PrimaryKey>1462513907809580608</PrimaryKey>
<ServerReplicationVersion>0</ServerReplicationVersion>
<ExecutionPlan>1462424532764605337</ExecutionPlan>
<Job>1462424800915483172</Job>
</RECORD>
<RECORD>
<PrimaryKey>1462513899737651449</PrimaryKey>
<ServerReplicationVersion>0</ServerReplicationVersion>
<ExecutionPlan>1462424532764605337</ExecutionPlan>
<Job>1462424782963561325</Job>
</RECORD>
<RECORD>
<PrimaryKey>1462514443742844193</PrimaryKey>
<ServerReplicationVersion>0</ServerReplicationVersion>
<ExecutionPlan>1462424541268542645</ExecutionPlan>
<Job>1461473370835021152</Job>
</RECORD>
<RECORD>
<PrimaryKey>1462513921649100803</PrimaryKey>
<ServerReplicationVersion>0</ServerReplicationVersion>
<ExecutionPlan>1462424532764605337</ExecutionPlan>
<Job>1462424821115148635</Job>
</RECORD>
<RECORD>
<PrimaryKey>1462514459023250963</PrimaryKey>
<ServerReplicationVersion>0</ServerReplicationVersion>
<ExecutionPlan>1462424541268542645</ExecutionPlan>
<Job>1461509827821101922</Job>
</RECORD>
<RECORD>
<PrimaryKey>1461509947676953069</PrimaryKey>
<ServerReplicationVersion>0</ServerReplicationVersion>
<ExecutionPlan>1461509866605175128</ExecutionPlan>
<Job>1461509827821101922</Job>
</RECORD>
<RECORD>
<PrimaryKey>1462514465311913581</PrimaryKey>
<ServerReplicationVersion>0</ServerReplicationVersion>
<ExecutionPlan>1462424541268542645</ExecutionPlan>
<Job>1462424740036795608</Job>
</RECORD>
<RECORD>
<PrimaryKey>1462513888065371454</PrimaryKey>
<ServerReplicationVersion>0</ServerReplicationVersion>
<ExecutionPlan>1462424532764605337</ExecutionPlan>
<Job>1462424772659554134</Job>
</RECORD>
<RECORD>
<PrimaryKey>1462425062906699680</PrimaryKey>
<ServerReplicationVersion>0</ServerReplicationVersion>
<ExecutionPlan>1462424518397063709</ExecutionPlan>
<Job>1462424740036795608</Job>
</RECORD>
<RECORD>
<PrimaryKey>1462514451063546842</PrimaryKey>
<ServerReplicationVersion>0</ServerReplicationVersion>
<ExecutionPlan>1462424541268542645</ExecutionPlan>
<Job>1461509812582123329</Job>
</RECORD>
<RECORD>
<PrimaryKey>1462425076242137235</PrimaryKey>
<ServerReplicationVersion>0</ServerReplicationVersion>
<ExecutionPlan>1462424518397063709</ExecutionPlan>
<Job>1462424772659554134</Job>
</RECORD>
<RECORD>
<PrimaryKey>1462425048690946908</PrimaryKey>
<ServerReplicationVersion>0</ServerReplicationVersion>
<ExecutionPlan>1462424518397063709</ExecutionPlan>
<Job>1461509827821101922</Job>
</RECORD>
<RECORD>
<PrimaryKey>1462425083218753717</PrimaryKey>
<ServerReplicationVersion>0</ServerReplicationVersion>
<ExecutionPlan>1462424518397063709</ExecutionPlan>
<Job>1462424782963561325</Job>
</RECORD>
<RECORD>
<PrimaryKey>1462424962220208878</PrimaryKey>
<ServerReplicationVersion>0</ServerReplicationVersion>
<ExecutionPlan>1462424518397063709</ExecutionPlan>
<Job>1461473370835021152</Job>
</RECORD>
<RECORD>
<PrimaryKey>1461509921845545624</PrimaryKey>
<ServerReplicationVersion>0</ServerReplicationVersion>
<ExecutionPlan>1461509866605175128</ExecutionPlan>
<Job>1461473370835021152</Job>
</RECORD>
<RECORD>
<PrimaryKey>1462425099602919465</PrimaryKey>
<ServerReplicationVersion>0</ServerReplicationVersion>
<ExecutionPlan>1462424518397063709</ExecutionPlan>
<Job>1462424821115148635</Job>
</RECORD>
<RECORD>
<PrimaryKey>1462513875041422689</PrimaryKey>
<ServerReplicationVersion>0</ServerReplicationVersion>
<ExecutionPlan>1462424532764605337</ExecutionPlan>
<Job>1462424753147242929</Job>
</RECORD>
<RECORD>
<PrimaryKey>1462425068578022055</PrimaryKey>
<ServerReplicationVersion>0</ServerReplicationVersion>
<ExecutionPlan>1462424518397063709</ExecutionPlan>
<Job>1462424753147242929</Job>
</RECORD>
<RECORD>
<PrimaryKey>1462513847305117279</PrimaryKey>
<ServerReplicationVersion>0</ServerReplicationVersion>
<ExecutionPlan>1462424532764605337</ExecutionPlan>
<Job>1461509827821101922</Job>
</RECORD>
<RECORD>
<PrimaryKey>1461509941157733184</PrimaryKey>
<ServerReplicationVersion>0</ServerReplicationVersion>
<ExecutionPlan>1461509866605175128</ExecutionPlan>
<Job>1461509812582123329</Job>
</RECORD>
<RECORD>
<PrimaryKey>1462425090842120728</PrimaryKey>
<ServerReplicationVersion>0</ServerReplicationVersion>
<ExecutionPlan>1462424518397063709</ExecutionPlan>
<Job>1462424800915483172</Job>
</RECORD>
<RECORD>
<PrimaryKey>1462514471222244441</PrimaryKey>
<ServerReplicationVersion>0</ServerReplicationVersion>
<ExecutionPlan>1462424541268542645</ExecutionPlan>
<Job>1462424753147242929</Job>
</RECORD>
<RECORD>
<PrimaryKey>1462424978963304795</PrimaryKey>
<ServerReplicationVersion>0</ServerReplicationVersion>
<ExecutionPlan>1462424518397063709</ExecutionPlan>
<Job>1461509812582123329</Job>
</RECORD>
<RECORD>
<PrimaryKey>1462513861762918287</PrimaryKey>
<ServerReplicationVersion>0</ServerReplicationVersion>
<ExecutionPlan>1462424532764605337</ExecutionPlan>
<Job>1462424740036795608</Job>
</RECORD>
</PlanJob>
