<?xml version="1.0" encoding="UTF-8"?>
<PlanExecution>
<RECORD>
<PrimaryKey>1461510293900855578</PrimaryKey>
<ServerReplicationVersion>5</ServerReplicationVersion>
<FromDate>1461510324309</FromDate>
<ExecutionPlan>1461509866605175128</ExecutionPlan>
<ToDate>1461510362227</ToDate>
<Simulated>true</Simulated>
<Details>192.168.1.56  [unknown]</Details>
</RECORD>
<RECORD>
<PrimaryKey>1462514713021973194</PrimaryKey>
<ServerReplicationVersion>24</ServerReplicationVersion>
<FromDate>1462514713060</FromDate>
<ExecutionPlan>1462424532764605337</ExecutionPlan>
<ToDate>1462514713325</ToDate>
<Simulated>false</Simulated>
<Details>Job [FINISHED]</Details>
</RECORD>
<RECORD>
<PrimaryKey>1462522574501303194</PrimaryKey>
<ServerReplicationVersion>19</ServerReplicationVersion>
<FromDate>1462522574535</FromDate>
<ExecutionPlan>1462424541268542645</ExecutionPlan>
<ToDate>1462522574883</ToDate>
<Simulated>false</Simulated>
<Details>Job [FINISHED]</Details>
</RECORD>
<RECORD>
<PrimaryKey>1462514762117756067</PrimaryKey>
<ServerReplicationVersion>24</ServerReplicationVersion>
<FromDate>1462514762154</FromDate>
<ExecutionPlan>1462424532764605337</ExecutionPlan>
<ToDate>1462514762421</ToDate>
<Simulated>false</Simulated>
<Details>Job [FINISHED]</Details>
</RECORD>
<RECORD>
<PrimaryKey>1461995306521640388</PrimaryKey>
<ServerReplicationVersion>8</ServerReplicationVersion>
<FromDate>1461995306561</FromDate>
<ExecutionPlan>1461509866605175128</ExecutionPlan>
<ToDate>1461995648864</ToDate>
<Simulated>true</Simulated>
<Details>192.168.1.56  [unknown]</Details>
</RECORD>
<RECORD>
<PrimaryKey>1462428266037548198</PrimaryKey>
<ServerReplicationVersion>29</ServerReplicationVersion>
<FromDate>1462428266074</FromDate>
<ExecutionPlan>1462424518397063709</ExecutionPlan>
<ToDate>1462428266495</ToDate>
<Simulated>false</Simulated>
<Details>Job [FINISHED]</Details>
</RECORD>
<RECORD>
<PrimaryKey>1462522300378803646</PrimaryKey>
<ServerReplicationVersion>19</ServerReplicationVersion>
<FromDate>1462522300420</FromDate>
<ExecutionPlan>1462424541268542645</ExecutionPlan>
<ToDate>1462522300844</ToDate>
<Simulated>false</Simulated>
<Details>Job [FINISHED]</Details>
</RECORD>
<RECORD>
<PrimaryKey>1462427750769970329</PrimaryKey>
<ServerReplicationVersion>31</ServerReplicationVersion>
<FromDate>1462427750801</FromDate>
<ExecutionPlan>1462424518397063709</ExecutionPlan>
<ToDate>1462428048046</ToDate>
<Simulated>false</Simulated>
<Details>Job [FINISHED]</Details>
</RECORD>
<RECORD>
<PrimaryKey>1462515023673070589</PrimaryKey>
<ServerReplicationVersion>14</ServerReplicationVersion>
<FromDate>1462515023706</FromDate>
<ExecutionPlan>1461509866605175128</ExecutionPlan>
<ToDate>1462515023841</ToDate>
<Simulated>false</Simulated>
<Details>Job [FINISHED]</Details>
</RECORD>
<RECORD>
<PrimaryKey>1462527900250558653</PrimaryKey>
<ServerReplicationVersion>19</ServerReplicationVersion>
<FromDate>1462527900296</FromDate>
<ExecutionPlan>1462424541268542645</ExecutionPlan>
<ToDate>1462527950661</ToDate>
<Simulated>false</Simulated>
<Details>Job [FINISHED]</Details>
</RECORD>
<RECORD>
<PrimaryKey>1462526478250488594</PrimaryKey>
<ServerReplicationVersion>19</ServerReplicationVersion>
<FromDate>1462526478298</FromDate>
<ExecutionPlan>1462424541268542645</ExecutionPlan>
<ToDate>1462526478707</ToDate>
<Simulated>false</Simulated>
<Details>Job [FINISHED]</Details>
</RECORD>
<RECORD>
<PrimaryKey>1462130518313157791</PrimaryKey>
<ServerReplicationVersion>8</ServerReplicationVersion>
<FromDate>1462130518345</FromDate>
<ExecutionPlan>1461509866605175128</ExecutionPlan>
<ToDate>1462130527507</ToDate>
<Simulated>true</Simulated>
<Details>192.168.1.56  [unknown]</Details>
</RECORD>
<RECORD>
<PrimaryKey>1462522026805685279</PrimaryKey>
<ServerReplicationVersion>19</ServerReplicationVersion>
<FromDate>1462522026978</FromDate>
<ExecutionPlan>1462424541268542645</ExecutionPlan>
<ToDate>1462522027338</ToDate>
<Simulated>false</Simulated>
<Details>Job [FINISHED]</Details>
</RECORD>
<RECORD>
<PrimaryKey>1462427501729834348</PrimaryKey>
<ServerReplicationVersion>3</ServerReplicationVersion>
<FromDate>1462427501759</FromDate>
<ExecutionPlan>1462424518397063709</ExecutionPlan>
<ToDate>1462427501759</ToDate>
<Simulated>false</Simulated>
<Details>192.168.1.56  [unknown]</Details>
</RECORD>
<RECORD>
<PrimaryKey>1462522064064993348</PrimaryKey>
<ServerReplicationVersion>19</ServerReplicationVersion>
<FromDate>1462522064099</FromDate>
<ExecutionPlan>1462424541268542645</ExecutionPlan>
<ToDate>1462522064413</ToDate>
<Simulated>false</Simulated>
<Details>Job [FINISHED]</Details>
</RECORD>
<RECORD>
<PrimaryKey>1462528177878931158</PrimaryKey>
<ServerReplicationVersion>31</ServerReplicationVersion>
<FromDate>1462528177911</FromDate>
<ExecutionPlan>1462424518397063709</ExecutionPlan>
<ToDate>1462528238385</ToDate>
<Simulated>false</Simulated>
<Details>Job [FINISHED]</Details>
</RECORD>
<RECORD>
<PrimaryKey>1462425893529619548</PrimaryKey>
<ServerReplicationVersion>13</ServerReplicationVersion>
<FromDate>1462425992927</FromDate>
<ExecutionPlan>1462424518397063709</ExecutionPlan>
<ToDate>1462427071303</ToDate>
<Simulated>true</Simulated>
<Details>192.168.1.56  [unknown]</Details>
</RECORD>
<RECORD>
<PrimaryKey>1462527968817482036</PrimaryKey>
<ServerReplicationVersion>19</ServerReplicationVersion>
<FromDate>1462527968865</FromDate>
<ExecutionPlan>1462424541268542645</ExecutionPlan>
<ToDate>1462528019227</ToDate>
<Simulated>false</Simulated>
<Details>Job [FINISHED]</Details>
</RECORD>
<RECORD>
<PrimaryKey>1462427440144591037</PrimaryKey>
<ServerReplicationVersion>12</ServerReplicationVersion>
<FromDate>1462427440182</FromDate>
<ExecutionPlan>1462424518397063709</ExecutionPlan>
<ToDate>1462427440336</ToDate>
<Simulated>false</Simulated>
<Details>Job [FINISHED]</Details>
</RECORD>
<RECORD>
<PrimaryKey>1462528041353905614</PrimaryKey>
<ServerReplicationVersion>30</ServerReplicationVersion>
<FromDate>1462528041379</FromDate>
<ExecutionPlan>1462424518397063709</ExecutionPlan>
<ToDate>1462528101891</ToDate>
<Simulated>false</Simulated>
<Details>Job [FINISHED]</Details>
</RECORD>
<RECORD>
<PrimaryKey>1462428370413226173</PrimaryKey>
<ServerReplicationVersion>29</ServerReplicationVersion>
<FromDate>1462428370440</FromDate>
<ExecutionPlan>1462424518397063709</ExecutionPlan>
<ToDate>1462428370762</ToDate>
<Simulated>false</Simulated>
<Details>Job [FINISHED]</Details>
</RECORD>
<RECORD>
<PrimaryKey>1462428161633407689</PrimaryKey>
<ServerReplicationVersion>29</ServerReplicationVersion>
<FromDate>1462428161669</FromDate>
<ExecutionPlan>1462424518397063709</ExecutionPlan>
<ToDate>1462428162138</ToDate>
<Simulated>false</Simulated>
<Details>Job [FINISHED]</Details>
</RECORD>
<RECORD>
<PrimaryKey>1462514654615937883</PrimaryKey>
<ServerReplicationVersion>26</ServerReplicationVersion>
<FromDate>1462514654651</FromDate>
<ExecutionPlan>1462424518397063709</ExecutionPlan>
<ToDate>1462514654992</ToDate>
<Simulated>false</Simulated>
<Details>Job [FINISHED]</Details>
</RECORD>
<RECORD>
<PrimaryKey>1462522483059378439</PrimaryKey>
<ServerReplicationVersion>19</ServerReplicationVersion>
<FromDate>1462522483095</FromDate>
<ExecutionPlan>1462424541268542645</ExecutionPlan>
<ToDate>1462522483417</ToDate>
<Simulated>false</Simulated>
<Details>Job [FINISHED]</Details>
</RECORD>
<RECORD>
<PrimaryKey>1462522323993780443</PrimaryKey>
<ServerReplicationVersion>19</ServerReplicationVersion>
<FromDate>1462522324033</FromDate>
<ExecutionPlan>1462424541268542645</ExecutionPlan>
<ToDate>1462522324315</ToDate>
<Simulated>false</Simulated>
<Details>Job [FINISHED]</Details>
</RECORD>
<RECORD>
<PrimaryKey>1462515086522531766</PrimaryKey>
<ServerReplicationVersion>19</ServerReplicationVersion>
<FromDate>1462515086557</FromDate>
<ExecutionPlan>1462424541268542645</ExecutionPlan>
<ToDate>1462515086811</ToDate>
<Simulated>false</Simulated>
<Details>Job [FINISHED]</Details>
</RECORD>
</PlanExecution>
